,original_vendor_name,sanitized_vendor_name
0,America's Suppliers Inc,America'S Suppliers
1,Alexandria Advantage Warranty Co,Alexandria Advantage Warranty
2,Analytica Bio - Energy Corp,Analytica Bio - Energy
3,"ACCELRYS, INC.",Accelrys
4,ACI Worldwide Inc,Aci Worldwide
5,Accenture PLC,Accenture Plc
6,Ancestry.com Inc.,Ancestrycom
7,Advanced Credit Technologies Inc,Advanced Credit
8,Actua Corp,Actua
9,ACTIVIDENTITY CORP,Actividentity
10,ACTIVE NETWORK INC,Active Network
11,Acxiom Corp,Acxiom
12,Adobe Systems Inc,Adobe
13,ADDMASTER CORP,Addmaster
14,AdStar Inc,Adstar
15,Advant-e Corp,Advant-E
16,Advent Software Inc,Advent Software
17,Loyalty Alliance Enterprise Corp,Loyalty Alliance Enterprise
18,AudioEye Inc,Audioeye
19,"Apple Green Holding, Inc.",Apple Green
20,Agilysys Inc,Agilysys
21,"Aegis Identity Software, Inc.",Aegis Identity Software
22,AimRite Holdings Corp,Aimrite
23,Artificial Life Inc,Artificial Life
24,Allin Corp,Allin
25,Alarm.com Holdings Inc,Alarmcom
26,"Infinity Augmented Reality, Inc.",Infinity Augmented Reality
27,Alternet Systems Inc,Alternet
28,AMICO GAMES CORP.,Amico Games
29,AmSurg Corp,Amsurg
30,ANALYSTS INTERNATIONAL CORP,Analysts
31,"Anpulo Food Development, Inc.",Anpulo Food Development
32,ANTS SOFTWARE INC,Ants Software
33,AOL Inc,Aol
34,SEQUESTER HOLDINGS INC/NV,Sequester Incnv
35,Appiphany Technologies Holdings Corp,Appiphany
36,Apigee Corp,Apigee
37,APPDYNAMICS INC,Appdynamics
38,Appian Corp,Appian
39,Alphapoint Technology Inc,Alphapoint
40,Aspyra Inc,Aspyra
41,AppYea Inc,Appyea
42,Acquired Sales Corp,Acquired Sales
43,ARIBA INC,Ariba
44,ARDENT COMMUNICATIONS INC,Ardent Communications
45,ARI Network Services Inc,Ari Network
46,ASA INTERNATIONAL LTD,Asa
47,"Appsoft Technologies, Inc.",Appsoft
48,"AISystems, Inc.",Aisystems
49,Astea International Inc,Astea
50,APPLIEDTHEORY CORP,Appliedtheory
51,Activision Blizzard Inc,Activision Blizzard
52,Atlas Technology Group Inc,Atlas
53,Aurum Inc,Aurum
54,AVG Technologies NV,Avg
55,AVATAR SYSTEMS INC,Avatar
56,Avast Software N.V.,Avast Software
57,HomeAway Inc,Homeaway
58,Areti Web Innovations Inc,Areti Web Innovations
59,Axiologix Inc,Axiologix
60,AXCESS INTERNATIONAL INC/TX,Axcess Inctx
61,AXTIVE CORP,Axtive
62,Alteryx Inc,Alteryx
63,AZTORE HOLDINGS INC,Aztore
64,BLACKBOARD INC,Blackboard
65,Polar Wireless Corp,Polar Wireless
66,Balincan USA Inc,Balincan Usa
67,BRILLIANT DIGITAL ENTERTAINMENT INC,Brilliant Digital Entertainment
68,ACTUATE CORP,Actuate
69,Black Knight Financial Services Inc,Black Knight Financial
70,MICHAEL BAKER CORP,Michael Baker
71,"Brilliant Technologies, CORP",Brilliant
72,Infoblox Inc,Infoblox
73,Billet Finder Inc,Billet Finder
74,BMC SOFTWARE INC,Bmc Software
75,Benchmark Energy Corp,Benchmark Energy
76,Bright Mountain Media Inc,Bright Mountain Media
77,Broke Out Inc,Broke Out
78,BARRISTER GLOBAL SERVICES NETWORK INC,Barrister Global Network
79,BTCS Inc,Btcs
80,BRIGHTSTAR INFORMATION TECHNOLOGY GROUP INC,Brightstar Information
81,Bravatek Solutions Inc,Bravatek
82,Betawave Corp,Betawave
83,BACKWEB TECHNOLOGIES LTD,Backweb
84,"BALLY TECHNOLOGIES, INC.",Bally
85,Beyond Commerce Inc,Beyond Commerce
86,CAREADVANTAGE INC,Careadvantage
87,Canbiola Inc,Canbiola
88,Bluenrgy Group Ltd,Bluenrgy
89,CMTSU Liquidation Inc,Cmtsu Liquidation
90,Carbon Race Corp,Carbon Race
91,ENTRADA SOFTWARE INC,Entrada Software
92,Code Rebel Corp,Code Rebel
93,"ETELOS, INC.",Etelos
94,Ceelox Inc,Ceelox
95,CE SOFTWARE INC,Ce Software
96,Capital Group Holdings Inc,Capital
97,CENTERGISTIC SOLUTIONS INC,Centergistic
98,ChatAnd Inc,Chatand
99,Changing Technologies Inc,Changing
100,Chron Organization Inc,Chron Organization
101,COMPUTER HORIZONS CORP,Computer Horizons
102,Cicero Inc,Cicero
103,CIMATRON LTD,Cimatron
104,Clicksoftware Technologies Ltd,Clicksoftware
105,Cloudera Inc,Cloudera
106,Clickstream Corp,Clickstream
107,CLICKER INC.,Clicker
108,Cipherloc Corp,Cipherloc
109,Clarent Corp,Clarent
110,Clancy Systems International Inc,Clancy
111,CELERITY SOLUTIONS INC,Celerity
112,Cloudcommerce Inc,Cloudcommerce
113,Collexis Holdings Inc,Collexis
114,China Mobile Games and Entertainment Group Ltd,China Mobile Games And Entertainment
115,CompuMed Inc,Compumed
116,Cimetrix Inc,Cimetrix
117,Content Checked Holdings Inc,Content Checked
118,"China Network Media, Inc.",China Network Media
119,CONCUR TECHNOLOGIES INC,Concur
120,Cogint Inc,Cogint
121,COMTREX SYSTEMS CORP,Comtrex
122,Coupa Software Inc,Coupa Software
123,Cover-All Technologies Inc,Cover-All
124,Covisint Corp,Covisint
125,CoroWare Inc,Coroware
126,Ocean Thermal Energy Corp,Ocean Thermal Energy
127,Creative Realities Inc,Creative Realities
128,Calissio Resources Group Inc,Calissio Resources
129,Crowdgather Inc,Crowdgather
130,DXC Technology Co,Dxc
131,CONSULIER ENGINEERING INC,Consulier Engineering
132,CSW Industrials Inc,Csw Industrials
133,123CSS Corp,123Css
134,CTI GROUP HOLDINGS INC,Cti
135,Creator Capital Ltd,Creator Capital
136,CONDOR TECHNOLOGY SOLUTIONS INC,Condor
137,Cvent Inc,Cvent
138,World Nation Live Entertainment Inc,World Nation Live Entertainment
139,Crexendo Inc,Crexendo
140,Cybergy Holdings Inc,Cybergy
141,CYCH INC,Cych
142,CYBERDEFENDER CORP,Cyberdefender
143,Cyan Inc,Cyan
144,CYNK Technology Corp,Cynk
145,CYBRA Corp,Cybra
146,Daegis Inc,Daegis
147,DAS Inc,Das
148,Jiayuan.com International Ltd,Jiayuancom
149,"DOCUMENT CAPTURE TECHNOLOGIES, INC.",Document Capture
150,Decision Diagnostics Corp,Decision Diagnostics
151,"DigitalPost Interactive, Inc.",Digitalpost Interactive
152,Digital Development Group Corp,Digital Development
153,Top Shelf Brands Holdings Corp,Top Shelf Brands
154,Dialogic Inc.,Dialogic
155,Deep Field Technologies Inc,Deep Field
156,3D Pioneer Systems Inc,3D Pioneer
157,Dynamics Research Corp,Dynamics Research
158,Debt Resolve Inc,Debt Resolve
159,DSG Global Inc,Dsg Global
160,iDreamSky Technology Ltd,Idreamsky
161,Destiny Media Technologies Inc,Destiny Media
162,Datalink Corp,Datalink
163,DATATRAK International Inc,Datatrak
164,Data Storage Corp,Data Storage
165,Duos Technologies Group Inc,Duos
166,DUO WORLD INC,Duo World
167,DynaVox Inc.,Dynavox
168,Demandware Inc,Demandware
169,Dynacq Healthcare Inc,Dynacq Healthcare
170,New Energy Exchange Ltd,New Energy Exchange
171,GREEN ENERGY GROUP INC.,Green Energy
172,"eCareer Holdings, Inc.",Ecareer
173,EnterConnect Inc,Enterconnect
174,eFuture Holding Inc,Efuture
175,"Ehave, Inc.",Ehave
176,Enterprise Informatics Inc,Enterprise Informatics
177,Eason Education Kingdom Holdings Inc,Eason Education Kingdom
178,ELCOM INTERNATIONAL INC,Elcom
179,"Eloqua, Inc.",Eloqua
180,Elray Resources Inc,Elray Resources
181,MEDCOM USA INC,Medcom Usa
182,eMedia Group Inc,Emedia
183,Engage Mobility Inc,Engage Mobility
184,enherent Corp,Enherent
185,E2open Inc,E2Open
186,Epazz Inc,Epazz
187,Discount Coupons Corp,Discount Coupons
188,Epicor Software Corp,Epicor Software
189,Epiq Systems Inc,Epiq
190,EPOCRATES INC,Epocrates
191,"CHINA VITUP HEALTH CARE HOLDINGS, INC.",China Vitup Health Care
192,American Green Inc,American Green
193,EMERGISOFT HOLDING INC,Emergisoft
194,EASYLINK SERVICES INTERNATIONAL CORP,Easylink
195,ESIM LTD,Esim
196,ETOTALSOURCE INC,Etotalsource
197,Everbridge Inc,Everbridge
198,Everyday Health Inc,Everyday Health
199,Evolent Health Inc,Evolent Health
200,Evolving Systems Inc,Evolving
201,Evertec Inc,Evertec
202,Exa Corp,Exa
203,Exobox Technologies Corp,Exobox
204,Enterprise Energy Inc,Enterprise Energy
205,FAB Universal Corp,Fab Universal
206,FalconStor Software Inc,Falconstor Software
207,World Moto Inc,World Moto
208,Spectral Capital Corp,Spectral Capital
209,Friendable Inc,Friendable
210,SOURCEFIRE INC,Sourcefire
211,"FUTUREIT, INC.",Futureit
212,Farm Lands of Africa Inc,Farm Lands Africa
213,FORLINK SOFTWARE CORP INC,Forlink Software
214,Fleetmatics Group PLC,Fleetmatics Plc
215,Flexiinternational Software Inc,Flexiinternational Software
216,FULLPLAY MEDIA SYSTEMS INC,Fullplay Media
217,FIREPOND INC,Firepond
218,FACEPRINT GLOBAL SOLUTIONS INC,Faceprint Global
219,Formcap Corp,Formcap
220,FORECROSS CORP,Forecross
221,Freeze Tag Inc,Freeze Tag
222,Fusion Networks Holdings Inc,Fusion Networks
223,Far Vista Petroleum Corp,Far Vista Petroleum
224,Flashzero Corp,Flashzero
225,GA Express Inc,Ga Express
226,Gamzio Mobile Inc,Gamzio Mobile
227,INTERNET AMERICA INC,Internet America
228,Go EZ Corp,Go Ez
229,LogicNow S.A.,Logicnow Sa
230,Guar Global Ltd,Guar Global
231,GH Capital Inc.,Gh Capital
232,Ghst International Inc,Ghst
233,GlassHouse Technologies Inc,Glasshouse
234,Gold Dynamics Corp,Gold Dynamics
235,Good Gaming Inc,Good Gaming
236,GIVEMEPOWER CORP,Givemepower
237,"GEM SOLUTIONS, INC.",Gem
238,Genemen Inc.,Genemen
239,Generation Zero Group Inc,Generation Zero
240,"GOFF, CORP.",Goff
241,Sungy Mobile Ltd,Sungy Mobile
242,Go-Page Corp,Go-Page
243,Grandparents.com Inc,Grandparentscom
244,Game Plan Holdings Inc,Game Plan
245,Global Payment Technologies Inc,Global Payment
246,Grey Cloak Tech Inc,Grey Cloak Tech
247,Greenpro Capital Corp.,Greenpro Capital
248,Greystone Digital Technology Inc,Greystone Digital
249,Gridsum Holding Inc,Gridsum
250,"Gottaplay Interactive, Inc.",Gottaplay Interactive
251,Guidance Software Inc,Guidance Software
252,Global Vision Holdings Inc,Global Vision
253,Tykhe Corp,Tykhe
254,Halitron,Halitron
255,Healthmed Services Ltd,Healthmed
256,Healthlynked Corp,Healthlynked
257,hopTo Inc,Hopto
258,Here To Serve Holding Corp,Here To Serve
259,HEARTSOFT INC,Heartsoft
260,Massive Interactive Inc,Massive Interactive
261,EF Hutton America Inc,Ef Hutton America
262,First Harvest Corp,First Harvest
263,INFORMATION ARCHITECTS CORP,Information Architects
264,Information Analysis Inc,Information Analysis
265,International Automated Systems Inc,Automated
266,Ibsg International Inc,Ibsg
267,INTEGRATED BUSINESS SYSTEMS & SERVICES INC,Integrated Business
268,IBX Group Inc,Ibx
269,INTERCARE DX INC,Intercare Dx
270,"21st Century Oncology Holdings, Inc.",21St Century Oncology
271,InterCloud Systems Inc,Intercloud
272,International Card Establishment Inc,Card Establishment
273,IDdriven Inc,Iddriven
274,Ipsidy Inc,Ipsidy
275,IDI GLOBAL INC,Idi Global
276,iEntertainment Network Inc,Ientertainment Network
277,IFAN Financial Inc,Ifan Financial
278,INFOCROSSING INC,Infocrossing
279,IFS INTERNATIONAL HOLDINGS INC,Ifs
280,Ideal Financial Solutions Inc,Ideal Financial
281,Infrax Systems Inc,Infrax
282,IGATE Corp,Igate
283,China Intelligence Information Systems Inc,China Intelligence Information
284,Intralinks Holdings Inc,Intralinks
285,Intelligent Living America Inc,Intelligent Living America
286,ImmunoClin Corp,Immunoclin
287,IMAGEMATRIX CORP,Imagematrix
288,IMAGINON INC /DE/,Imaginon De
289,Imerjn Inc.,Imerjn
290,Immediatek Inc,Immediatek
291,Imprivata Inc,Imprivata
292,IMS Health Holdings Inc,Ims Health
293,Image Protect Inc,Image Protect
294,Inbit Corp,Inbit
295,Informatica Corp,Informatica
296,Innolog Holdings Corp,Innolog
297,INDUSTRIAL IMAGING CORP,Industrial Imaging
298,Interactive Intelligence Group Inc,Interactive Intelligence
299,Intellinetics Inc,Intellinetics
300,INTEGRAMED AMERICA INC,Integramed America
301,Inspired Entertainment Inc,Inspired Entertainment
302,Innovision Labs Inc,Innovision Labs
303,INTREorg Systems Inc,Intreorg
304,Interplay Entertainment Corp,Interplay Entertainment
305,indiePub Entertainment Inc,Indiepub Entertainment
306,Ironclad Encryption Corp,Ironclad Encryption
307,ISC8 INC. /DE,Isc8 De
308,ISTEC INDUSTRIES & TECHNOLOGIES LTD,Istec Industries
309,iSign Solutions Inc.,Isign
310,IMAGE SOFTWARE INC,Image Software
311,INTERACTIVE SYSTEMS WORLDWIDE INC /DE,Interactive Worldwide De
312,INTACTA TECHNOLOGIES INC,Intacta
313,InsPro Technologies Corp,Inspro
314,Intelligent Cloud Resources Inc,Intelligent Cloud Resources
315,ITonis Inc,Itonis
316,INTERNATIONAL LOTTERY & TOTALIZATOR SYSTEMS INC,Lottery Totalizator
317,Interups Inc,Interups
318,I2 TECHNOLOGIES INC,I2
319,INTERWORLD CORP,Interworld
320,Iveda Solutions Inc,Iveda
321,iVoiceIdeas Inc,Ivoiceideas
322,ImageWare Systems Inc,Imageware
323,Jade Global Holdings Inc,Jade Global
324,JOBLOCATIONMAP INC,Joblocationmap
325,Jacada Ltd,Jacada
326,JDA SOFTWARE GROUP INC,Jda Software
327,Jubilant Flame International Ltd,Jubilant Flame
328,"JAGGED PEAK, INC.",Jagged Peak
329,Jive Software Inc,Jive Software
330,KANGE CORP,Kange
331,King Resources Inc,King Resources
332,KITARA MEDIA CORP.,Kitara Media
333,Kiwibox.com Inc,Kiwiboxcom
334,Klever Marketing Inc,Klever Marketing
335,Konami Holdings Corp,Konami
336,Kenergy Scientific Inc,Kenergy Scientific
337,MAGMA DESIGN AUTOMATION INC,Magma Design Automation
338,LIBERATE TECHNOLOGIES,Liberate
339,"LEONE ASSET MANAGEMENT, INC.",Leone Asset Management
340,LifeApps Brands Inc,Lifeapps Brands
341,LEFT BEHIND GAMES INC.,Left Behind Games
342,LEGALZOOM COM INC,Legalzoom Com
343,Liquid Holdings Group Inc,Liquid
344,LookSmart Group Inc,Looksmart
345,LifeLock Inc,Lifelock
346,Lifelogger Technologies Corp,Lifelogger
347,Looksmart Ltd,Looksmart
348,LOCATEPLUS HOLDINGS CORP,Locateplus
349,Longwen Group Corp,Longwen
350,"LAWSON SOFTWARE AMERICAS, INC",Lawson Software Americas
351,"LYRIS, INC.",Lyris
352,Max Sound Corp,Max Sound
353,"mBeach Software, Inc.",Mbeach Software
354,MobileBits Holdings Corp,Mobilebits
355,MobiVentures Inc,Mobiventures
356,Mobileye BV,Mobileye
357,Mango Capital Inc,Mango Capital
358,McorpCX Inc,Mcorpcx
359,MICROS SYSTEMS INC,Micros
360,MedAssets Inc,Medassets
361,Makism 3D Corp,Makism 3D
362,Medico International Inc,Medico
363,METROPOLITAN HEALTH NETWORKS INC,Metropolitan Health Networks
364,MedeFile International Inc,Medefile
365,MEDIA LOGIC INC,Media Logic
366,Modsys International Ltd,Modsys
367,Media Technologies Inc,Media
368,MD TECHNOLOGIES INC,Md
369,Medixall Group Inc,Medixall
370,MEDRESPONSE CORP.,Medresponse
371,MEDIWARE INFORMATION SYSTEMS INC,Mediware Information
372,Mentor Graphics Corp,Mentor Graphics
373,ME Renewable Power Corp,Me Renewable Power
374,Mobivity Holdings Corp,Mobivity
375,"MGN TECHNOLOGIES, INC.",Mgn
376,"Mi1 Global TelCo, Inc.",Mi1 Global Telco
377,Marketo Inc,Marketo
378,MedLink International Inc,Medlink
379,"Midas Medici Group Holdings, Inc.",Midas Medici
380,MOMENTOUS HOLDINGS CORP.,Momentous
381,Multimedia Platforms Inc,Multimedia Platforms
382,MARINE MANAGEMENT SYSTEMS INC,Marine Management
383,"MAKEMUSIC, INC.",Makemusic
384,MULTICOM PUBLISHING INC,Multicom Publishing
385,Sky-mobi Ltd,Sky-Mobi
386,Modern Technology Corp,Modern
387,"Moms Online, Inc.",Moms Online
388,MobileSmith Inc,Mobilesmith
389,INNOVACOM INC,Innovacom
390,Mirage Energy Corp,Mirage Energy
391,Marimed Inc,Marimed
392,Mister Goody Inc,Mister Goody
393,"Messagebgone, Inc.",Messagebgone
394,"MTM Technologies, Inc.",Mtm
395,Mitopharm CORP,Mitopharm
396,Mulesoft Inc,Mulesoft
397,"MVP Network, Inc.",Mvp Network
398,MYWEB INC COM,Myweb Com
399,MaxPoint Interactive Inc,Maxpoint Interactive
400,Mygo Games Holding Co,Mygo Games
401,Myriad Interactive Media Inc,Myriad Interactive Media
402,"My Cloudz, Inc.",My Cloudz
403,NetSuite Inc,Netsuite
404,National Instruments Corp,National Instruments
405,NCI Inc,Nci
406,NCR Corp,Ncr
407,"NDS Group Holdings, Ltd",Nds
408,NETWORK ENGINES INC,Network Engines
409,NeoMedia Technologies Inc,Neomedia
410,NESTOR INC,Nestor
411,NetObjects Inc,Netobjects
412,NantHealth Inc,Nanthealth
413,NATURAL HEALTH FARM HOLDINGS INC,Natural Health Farm
414,NATIONAL MEDPLEX CORP,National Medplex
415,New Media Insight Group Inc,New Media Insight
416,Net Medical Xpress Solutions Inc,Net Medical Xpress
417,Northport Network Systems Inc,Northport Network
418,NOVELL INC,Novell
419,NRP Stone Inc,Nrp Stone
420,NS8 CORP,Ns8
421,Netplex Group Inc,Netplex
422,NAVITONE TECHNOLOGIES INC,Navitone
423,Newgioco Group Inc,Newgioco
424,NXChain Inc,Nxchain
425,NexPrise Inc,Nexprise
426,Okta Inc,Okta
427,OMTOOL LTD,Omtool
428,On4 Communications Inc,On4 Communications
429,"Online-Redefined, Inc.",Online-Redefined
430,Onstream Media Corp,Onstream Media
431,Optimum Interactive (USA) Ltd,Optimum Interactive Usa)
432,Opower Inc,Opower
433,Orhub Inc,Orhub
434,"ORANGEHOOK, INC.",Orangehook
435,ORION HEALTHCORP INC,Orion Healthcorp
436,Osceola Gold Inc,Osceola Gold
437,Oxford Investments Holdings Inc,Oxford Investments
438,Borqs Technologies Inc,Borqs
439,Pan Ocean Container Supplies Ltd,Pan Ocean Container Supplies
440,PAYBOX Corp,Paybox
441,PointClickCare Corp.,Pointclickcare
442,Principal Capital Group Inc,Principal Capital
443,"PaperClip, Inc.",Paperclip
444,Primecare Systems Inc,Primecare
445,PEAKSOFT MULTINET CORP,Peaksoft Multinet
446,"PACIFIC SOFTWARE, INC.",Pacific Software
447,Portlogic Systems Inc,Portlogic
448,Photoamigo Inc,Photoamigo
449,PHI Group Inc,Phi
450,"PHOENIX MEDICAL SOFTWARE, INC.",Phoenix Medical Software
451,"Physicians Healthcare Management Group, Inc",Physicians Healthcare Management
452,Priority Aviation Inc,Priority Aviation
453,Pocket Games Inc,Pocket Games
454,Procera Networks Inc,Procera Networks
455,PACKETEER INC,Packeteer
456,Playlogic Entertainment Inc,Playlogic Entertainment
457,ProLink Holdings Corp.,Prolink
458,Planet Payment Inc,Planet Payment
459,PLAYNET TECHNOLOGIES INC,Playnet
460,PROMEDCO MANAGEMENT CO,Promedco Management
461,Primal Solutions Inc,Primal
462,PAMET SYSTEMS INC,Pamet
463,"PUNTO GROUP, CORP.",Punto
464,"Proper Power & Energy, Inc.",Proper Power Energy
465,Epcylon Technologies Inc,Epcylon
466,PEERLESS SYSTEMS CORP,Peerless
467,"DELTEK, INC",Deltek
468,Propel Media Inc,Propel Media
469,ProtoSource Corp,Protosource
470,Pansoft CO LTD,Pansoft
471,Mobicard Inc,Mobicard
472,PATRON SYSTEMS INC,Patron
473,Blink Technologies Inc,Blink
474,PERVASIVE SOFTWARE INC,Pervasive Software
475,"Preventia, Inc.",Preventia
476,Pacific WebWorks Inc,Pacific Webworks
477,Phoenix Apps Inc.,Phoenix Apps
478,PLAYBOX (US) INC.,Playbox Us)
479,Qihoo 360 Technology Co Ltd,Qihoo 360
480,QI SYSTEMS INC,Qi
481,Qlik Technologies Inc,Qlik
482,QUERYOBJECT SYSTEMS CORP,Queryobject
483,Quantum Solar Power Corp,Quantum Solar Power
484,Quest Solution Inc,Quest
485,Quture International Inc,Quture
486,QWICK MEDIA INC.,Qwick Media
487,Rackwise Inc,Rackwise
488,Rally Software Development Corp,Rally Software Development
489,Rarus Technologies Inc,Rarus
490,R1 RCM Inc,R1 Rcm
491,RAADR Inc,Raadr
492,Redify Group Inc,Redify
493,Red Mile Entertainment Inc,Red Mile Entertainment
494,"Road Marshall, Inc.",Road Marshall
495,Radview Software Ltd,Radview Software
496,Rediff.com India Ltd,Rediffcom India
497,National Asset Recovery Corp,National Asset Recovery
498,12 Retech Corp,12 Retech
499,RJD Green Inc,Rjd Green
500,Rocketinfo Inc.,Rocketinfo
501,RumbleON Inc,Rumbleon
502,Ranger Gold Corp,Ranger Gold
503,RIGHTNOW TECHNOLOGIES INC,Rightnow
504,Response Oncology Inc,Response Oncology
505,RESOURCEPHOENIX COM,Resourcephoenix Com
506,Rego Payment Architectures Inc,Rego Payment Architectures
507,PREISS BYRON MULTIMEDIA CO INC,Preiss Byron Multimedia
508,RETALIX LTD,Retalix
509,Right On Brands Inc,Right Brands
510,"Retail Pro, Inc.",Retail Pro
511,"RADIATION THERAPY SERVICES, INC.",Radiation Therapy
512,"Riptide Worldwide, Inc.",Riptide Worldwide
513,Rand Worldwide Inc,Rand Worldwide
514,CBOT Financial Fut DOW JONES Front M,Cbot Financial Fut Dow Jones Front M
515,inContact Inc,Incontact
516,Nouveau Ventures Inc,Nouveau Ventures
517,Santeon Group Inc,Santeon
518,Sapient Corp,Sapient
519,SaveDaily Inc,Savedaily
520,Subaye Inc,Subaye
521,B-Scada Inc,B-Scada
522,SCIENT INC,Scient
523,SEDONA CORP,Sedona
524,Signature Devices Inc,Signature Devices
525,Securac Corp,Securac
526,StrikeForce Technologies Inc,Strikeforce
527,Sharing Services Inc,Sharing
528,Strategic Internet Investments Inc,Strategic Internet Investments
529,SIRICOMM INC,Siricomm
530,Skkynet Cloud Systems Inc,Skkynet Cloud
531,"Band Rep Management, Inc.",Band Rep Management
532,Bay Acquisition Corp.,Bay Acquisition
533,Determine Inc,Determine
534,SIMPLAYER COM LTD,Simplayer Com
535,Simtrol Inc,Simtrol
536,Smith Micro Software Inc,Smith Micro Software
537,SharpSpring Inc,Sharpspring
538,"Sebring Software, Inc.",Sebring Software
539,SAND TECHNOLOGY INC,Sand
540,SourcingLink.net Inc,Sourcinglinknet
541,Sona Mobile Holdings Corp,Sona Mobile
542,SYNTHONICS TECHNOLOGIES INC,Synthonics
543,SOAPSTONE NETWORKS INC.,Soapstone Networks
544,Sonic Foundry Inc,Sonic Foundry
545,SofTech Inc,Softech
546,Sollensys Corp,Sollensys
547,SouthPeak Interactive Corp,Southpeak Interactive
548,Soul And Vibe Interactive Inc,Soul And Vibe Interactive
549,"SPARE BACKUP, INC.",Spare Backup
550,SPO Networks Inc,Spo Networks
551,SPO Global Inc,Spo Global
552,Space Propulsion Systems Inc,Space Propulsion
553,SciQuest Inc,Sciquest
554,Shotspotter Inc,Shotspotter
555,Silverstar Holdings Ltd,Silverstar
556,SECURED SERVICES INC,Secured
557,Santaro Interactive Entertainment Co,Santaro Interactive Entertainment
558,STAR TECHNOLOGIES INC,Star
559,Start Scientific Inc,Start Scientific
560,STI GROUP INC,Sti
561,China Digital TV Holding Co Ltd,China Digital
562,SUREQUEST SYSTEMS INC,Surequest
563,SVC FINANCIAL SERVICES INC,Svc Financial
564,SavDen Group Corp.,Savden
565,SavMobi Technology Inc.,Savmobi
566,"SolarWinds, Inc.",Solarwinds
567,Scrypt Inc,Scrypt
568,Sitestar Corp,Sitestar
569,TRAQER CORP,Traqer
570,Taylor Consulting Inc,Taylor
571,TraceGuard Technologies Inc,Traceguard
572,"Tech Power, Inc.",Tech Power
573,Global Smart Capital Corp.,Global Smart Capital
574,Atlassian Corporation PLC,Atlassian Corporation Plc
575,Techcare Corp,Techcare
576,TEKNOWLEDGE CORP,Teknowledge
577,Pareteum Corp,Pareteum
578,TimefireVR Inc,Timefirevr
579,Thinspace Technology Inc,Thinspace
580,"Thwapr, Inc.",Thwapr
581,TIBCO Software Inc.,Tibco Software
582,IMAGING CENTER INC,Imaging Center
583,TigerLogic Corp,Tigerlogic
584,Tamino Minerals Inc,Tamino Minerals
585,Takeoutmusic.com Holdings Corp,Takeoutmusiccom
586,TELEDIGITAL INC,Teledigital
587,Telos Corp,Telos
588,Tangoe Inc,Tangoe
589,Tintri Inc,Tintri
590,Pulse Network Inc,Pulse Network
591,"TMPOS, INC",Tmpos
592,Triple P NV,Triple P
593,TRIPWIRE INC,Tripwire
594,Dealertrack Technologies Inc,Dealertrack
595,Telaria Inc,Telaria
596,"TRUPAL MEDIA, INC.",Trupal Media
597,Trivago NV,Trivago
598,TECHNOLOGY SOLUTIONS COMPANY,Company
599,TeleCommunication Systems Inc,Telecommunication
600,TITAN TRADING ANALYTICS INC,Titan Trading Analytics
601,Titanium Group Ltd,Titanium
602,TubeMogul Inc,Tubemogul
603,TVC Telecom Inc,Tvc Telecom
604,2U Inc,2U
605,Textmunication Holdings Inc,Textmunication
606,Textura Corp,Textura
607,TYG Solutions Corp.,Tyg
608,TRIZETTO GROUP INC,Trizetto
609,Ua Multimedia Inc,Ua Multimedia
610,FRONTEO Inc,Fronteo
611,"UBIQUITY, INC.",Ubiquity
612,UBICS INC,Ubics
613,Ubiquitech Software Corp,Ubiquitech Software
614,"UCP HOLDINGS, INC.",Ucp
615,US Dataworks Inc,Us Dataworks
616,UMeWorld Ltd,Umeworld
617,"Uphonia,Inc.",Uphoniainc
618,Great Elm Capital Group Inc,Great Elm Capital
619,UpperSolution.com,Uppersolutioncom
620,USDATA CORP,Usdata
621,US Lighting Group Inc,Us Lighting
622,UNITED SYSTEMS TECHNOLOGY INC,United
623,Universal Tracking Solutions Inc,Universal Tracking
624,Unitronix Corp,Unitronix
625,VUBOTICS INC,Vubotics
626,Verecloud Inc,Verecloud
627,Elev8 Brands Inc,Elev8 Brands
628,Vertical Computer Systems Inc,Vertical Computer
629,Rainmaker Systems Inc,Rainmaker
630,Velti PLC,Velti Plc
631,Veritone Inc,Veritone
632,Vgrab Communications Inc,Vgrab Communications
633,"VHGI HOLDINGS, INC.",Vhgi
634,Vilacto Bio Inc.,Vilacto Bio
635,Vizconnect Inc,Vizconnect
636,Valentine Beauty Inc,Valentine Beauty
637,Validian Corp,Validian
638,iMedicor Inc,Imedicor
639,VisualMED Clinical Solutions Corp,Visualmed Clinical
640,"Virtual Medical Centre, Inc.",Virtual Medical Centre
641,21Vianet Group Inc,21Vianet
642,Voip Talk Inc,Voip Talk
643,Voyant International Corp,Voyant
644,"VPR Brands, LP.",Vpr Brands
645,"Vertical Communications, Inc.",Vertical Communications
646,VERIDICOM INTERNATIONAL INC,Veridicom
647,VERSO TECHNOLOGIES INC,Verso
648,VIRYANET LTD,Viryanet
649,VERSANT CORP,Versant
650,Vivid Learning Systems Inc,Vivid Learning
651,WebMD Health Corp,Webmd Health
652,WebSafety Inc,Websafety
653,Worlds Inc,Worlds
654,WEBB Interactive Services Inc,Webb Interactive
655,WellQuest Medical & Wellness Corp,Wellquest Medical Wellness
656,Where Food Comes From Inc,Where Food Comes From
657,Wally World Media Inc,Wally World Media
658,WORLDS MALL INC,Worlds Mall
659,WORLDMODAL NETWORK SERVICES INC,Worldmodal Network
660,JMU Ltd,Jmu
661,WISMER MARTIN INC,Wismer Martin
662,With Inc,With
663,Web.com Group Inc,Webcom
664,"XA, INC.",Xa
665,XcelMobility Inc,Xcelmobility
666,X-Factor Communications Holdings Inc,X-Factor Communications
667,Xactly Corp,Xactly
668,"Pacific Media Group Enterprises, Inc.",Pacific Media Enterprises
669,XUNNA INFORMATION TECHNOLOGY INC.,Xunna Information
670,Yodlee Inc,Yodlee
671,Yext Inc,Yext
672,Yippy Inc,Yippy
673,Ystrategies Corp,Ystrategies
674,Yucheng Technologies LTD,Yucheng
675,Zoompass Holdings Inc,Zoompass
676,ZEROPLUS COM INC,Zeroplus Com
677,"Ziwira, Inc.",Ziwira
678,Allscripts Healthcare Solutions Inc,Allscripts Healthcare
679,Alpha and Omega Semiconductor Ltd,Alpha And Omega Semiconductor
680,Alphabet Inc,Alphabet
681,Ambarella Inc,Ambarella
682,Amber Road Inc,Amber Road
683,Amdocs Ltd,Amdocs
684,America Movil SAB de CV,America Movil Sab De Cv
685,American Software Inc,American Software
686,Amkor Technology Inc,Amkor
687,Amphenol Corp,Amphenol
688,Amtech Systems Inc,Amtech
689,Analog Devices Inc,Analog Devices
690,ANGI Homeservices Inc,Angi Homeservices
691,ANSYS Inc,Ansys
692,AppFolio Inc,Appfolio
693,Applied DNA Sciences Inc,Applied Dna Sciences
694,Applied Materials Inc,Applied Materials
695,Applied Optoelectronics Inc,Applied Optoelectronics
696,Arista Networks Inc,Arista Networks
697,Arris International PLC,Arris Plc
698,ASML Holding NV,Asml
699,Aspen Technology Inc,Aspen
700,AstroNova Inc,Astronova
701,Asure Software Inc,Asure Software
702,athenahealth Inc,Athenahealth
703,Atlassian Corp PLC,Atlassian Plc
704,ATN International Inc,Atn
705,Atomera Inc,Atomera
706,AT&T Inc,Att
707,Attunity Ltd,Attunity
708,AudioCodes Ltd,Audiocodes
709,AU Optronics Corp,Au Optronics
710,Autodesk Inc,Autodesk
711,Autohome Inc,Autohome
712,Automatic Data Processing Inc,Automatic Data Processing
713,Aviat Networks Inc,Aviat Networks
714,Avid Technology Inc,Avid
715,AVX Corp,Avx
716,Aware Inc,Aware
717,Axcelis Technologies Inc,Axcelis
718,AXT Inc,Axt
719,Badger Meter Inc,Badger Meter
720,Baidu Inc,Baidu
721,Barracuda Networks Inc,Barracuda Networks
722,Bazaarvoice Inc,Bazaarvoice
723,Bce Inc,Bce
724,B Communications Ltd,B Communications
725,Bel Fuse Inc,Bel Fuse
726,Benchmark Electronics Inc,Benchmark Electronics
727,Benefitfocus Inc,Benefitfocus
728,Bitauto Holdings Ltd,Bitauto
729,Blackbaud Inc,Blackbaud
730,Black Box Corp,Black Box
731,Blackline Inc,Blackline
732,Blonder Tongue Laboratories Inc,Blonder Tongue Laboratories
733,Blucora Inc,Blucora
734,Boingo Wireless Inc,Boingo Wireless
735,BOS Better Online Solutions Ltd,Bos Better Online
736,Bottomline Technologies (DE) Inc,Bottomline De)
737,Box Inc,Box
738,Brady Corp,Brady
739,Bridgeline Digital Inc,Bridgeline Digital
740,Brightcove Inc,Brightcove
741,Broadcom Ltd,Broadcom
742,Broadridge Financial Solutions Inc,Broadridge Financial
743,BroadSoft Inc,Broadsoft
744,BroadVision Inc,Broadvision
745,Brooks Automation Inc,Brooks Automation
746,Bsquare Corp,Bsquare
747,BT Group PLC,Bt Plc
748,Cable ONE Inc,Cable One
749,Cabot Microelectronics Corp,Cabot Microelectronics
750,CACI International Inc,Caci
751,Cadence Design Systems Inc,Cadence Design
752,CafePress Inc,Cafepress
753,CA Inc,Ca
754,CalAmp Corp,Calamp
755,Calix Inc,Calix
756,Callidus Software Inc,Callidus Software
757,Camtek Ltd,Camtek
758,Canadian Solar Inc,Canadian Solar
759,Carbonite Inc,Carbonite
760,Care.com Inc,Carecom
761,Castlight Health Inc,Castlight Health
762,Cavium Inc,Cavium
763,CBAK Energy Technology Inc,Cbak Energy
764,CCUR Holdings Inc,Ccur
765,CDK Global Inc,Cdk Global
766,CDW Corp,Cdw
767,Celestica Inc,Celestica
768,Cellcom Israel Ltd,Cellcom Israel
769,CenturyLink Inc,Centurylink
770,Ceragon Networks Ltd,Ceragon Networks
771,Cerner Corp,Cerner
772,CEVA Inc,Ceva
773,CGI Group Inc,Cgi
774,Changyou.Com Ltd,Changyoucom
775,ChannelAdvisor Corp,Channeladvisor
776,Check Point Software Technologies Ltd,Check Point Software
777,Cheetah Mobile Inc,Cheetah Mobile
778,ChinaCache International Holdings Ltd,Chinacache
779,China Finance Online Co Ltd,China Finance Online
780,China Information Technology Inc,China Information
781,China Mobile Ltd,China Mobile
782,China Techfaith Wireless Communication Technology Ltd,China Techfaith Wireless Communication
783,China Telecom Corp Ltd,China Telecom
784,China Unicom Hong Kong Ltd,China Unicom Hong Kong
785,ChipMOS Technologies Inc,Chipmos
786,Chunghwa Telecom Co Ltd,Chunghwa Telecom
787,Ciena Corp,Ciena
788,Cincinnati Bell Inc,Cincinnati Bell
789,Cirrus Logic Inc,Cirrus Logic
790,Cisco Systems Inc,Cisco
791,Citrix Systems Inc,Citrix
792,Clearfield Inc,Clearfield
793,Clearone Inc,Clearone
794,Cogent Communications Holdings Inc,Cogent Communications
795,Cognex Corp,Cognex
796,Cognizant Technology Solutions Corp,Cognizant
797,Coherent Inc,Coherent
798,Cohu Inc,Cohu
799,CommerceHub Inc,Commercehub
800,CommScope Holding Company Inc,Commscope Company
801,Communications Systems Inc,Communications
802,CommVault Systems Inc,Commvault
803,Computer Programs and Systems Inc,Computer Programs And
804,Computer Task Group Inc,Computer Task
805,Comtech Telecommunications Corp,Comtech Telecommunications
806,Consolidated Communications Holdings Inc,Consolidated Communications
807,Control4 Corp,Control4
808,Corelogic Inc,Corelogic
809,Cornerstone OnDemand Inc,Cornerstone Ondemand
810,Corning Inc,Corning
811,Cotiviti Holdings Inc,Cotiviti
812,CounterPath Corp,Counterpath
813,CPS Technologies Corp,Cps
814,Cray Inc,Cray
815,Cree Inc,Cree
816,Criteo SA,Criteo Sa
817,Crown Castle International Corp,Crown Castle
818,CSG Systems International Inc,Csg
819,CSP Inc,Csp
820,CSRA Inc,Csra
821,CTS Corp,Cts
822,Cubic Corp,Cubic
823,Cyberark Software Ltd,Cyberark Software
824,CyberOptics Corp,Cyberoptics
825,Cypress Semiconductor Corp,Cypress Semiconductor
826,Cyren Ltd,Cyren
827,Daktronics Inc,Daktronics
828,Daqo New Energy Corp,Daqo New Energy
829,Data I/O Corp,Data Io
830,Datawatch Corp,Datawatch
831,Dell Technologies Inc,Dell
832,Descartes Systems Group Inc,Descartes
833,Diebold Nixdorf Inc,Diebold Nixdorf
834,Digi International Inc,Digi
835,Digimarc Corp,Digimarc
836,Digital Ally Inc,Digital Ally
837,Digital Turbine Inc,Digital Turbine
838,Diodes Inc,Diodes
839,Dolby Laboratories Inc,Dolby Laboratories
840,DPW Holdings Inc,Dpw
841,DSP Group Inc,Dsp
842,DST Systems Inc,Dst
843,Dun & Bradstreet Corp,Dun Bradstreet
844,Dynasil Corporation of America,Dynasil Corporation America
845,Ebix Inc,Ebix
846,Echelon Corp,Echelon
847,EchoStar Corp,Echostar
848,Edgewater Technology Inc,Edgewater
849,eGain Corp,Egain
850,Electronic Arts Inc,Electronic Arts
851,Electronics for Imaging Inc,Electronics For Imaging
852,Electro Scientific Industries Inc,Electro Scientific Industries
853,Electro-Sensors Inc,Electro-Sensors
854,Ellie Mae Inc,Ellie Mae
855,Eltek Ltd,Eltek
856,eMagin Corp,Emagin
857,EMCORE Corp,Emcore
858,Encore Wire Corp,Encore Wire
859,Endurance International Group Holdings Inc,Endurance
860,Enphase Energy Inc,Enphase Energy
861,Entegris Inc,Entegris
862,EPAM Systems Inc,Epam
863,ePlus inc,Eplus
864,F5 Networks Inc,F5 Networks
865,Facebook Inc,Facebook
866,FactSet Research Systems Inc,Factset Research
867,Fair Isaac Corp,Fair Isaac
868,Fang Holdings Ltd,Fang
869,FARO Technologies Inc,Faro
870,Fidelity National Information Services Inc,Fidelity National Information
871,Finisar Corp,Finisar
872,Finjan Holdings Inc,Finjan
873,FireEye Inc,Fireeye
874,First Solar Inc,First Solar
875,Fitbit Inc,Fitbit
876,Five9 Inc,Five9
877,Flex Ltd,Flex
878,FLIR Systems Inc,Flir
879,FormFactor Inc,Formfactor
880,Formula Systems 1985 Ltd,Formula 1985
881,Fortinet Inc,Fortinet
882,Fortive Corp,Fortive
883,Frequency Electronics Inc,Frequency Electronics
884,Frontier Communications Corp,Frontier Communications
885,Fusion Telecommunications International Inc,Fusion Telecommunications
886,Garmin Ltd,Garmin
887,Gartner Inc,Gartner
888,GDS Holdings Ltd,Gds
889,Giga Media Ltd,Giga Media
890,Gigamon Inc,Gigamon
891,Gilat Satellite Networks Ltd,Gilat Satellite Networks
892,GlobalSCAPE Inc,Globalscape
893,Globalstar Inc,Globalstar
894,Globant SA,Globant Sa
895,Glowpoint Inc,Glowpoint
896,Glu Mobile Inc,Glu Mobile
897,GoDaddy Inc,Godaddy
898,Gogo Inc,Gogo
899,Gravity Co Ltd,Gravity
900,Groupon Inc,Groupon
901,GrubHub Inc,Grubhub
902,GSE Systems Inc,Gse
903,GSI Technology Inc,Gsi
904,GTT Communications Inc,Gtt Communications
905,Guidewire Software Inc,Guidewire Software
906,Hanwha Q Cells Co Ltd,Hanwha Q Cells
907,Harmonic Inc,Harmonic
908,Harris Corp,Harris
909,Hawaiian Telcom Holdco Inc,Hawaiian Telcom Holdco
910,HC2 Holdings Inc,Hc2
911,HealthEquity Inc,Healthequity
912,HealthStream Inc,Healthstream
913,Helios and Matheson Analytics Inc,Helios And Matheson Analytics
914,Hewlett Packard Enterprise Co,Hewlett Packard Enterprise
915,Himax Technologies Inc,Himax
916,Hortonworks Inc,Hortonworks
917,HP Inc,Hp
918,Hubbell Inc,Hubbell
919,HubSpot Inc,Hubspot
920,Hurco Companies Inc,Hurco Companies
921,ICAD Inc,Icad
922,Ichor Holdings Ltd,Ichor
923,Identiv Inc,Identiv
924,ID Systems Inc,Id
925,IDT Corp,Idt
926,IEC Electronics Corp,Iec Electronics
927,II-VI Inc,Ii-Vi
928,Image Sensing Systems Inc,Image Sensing
929,Immersion Corp,Immersion
930,Imperva Inc,Imperva
931,Impinj Inc,Impinj
932,Infinera Corp,Infinera
933,InfoSonics Corp,Infosonics
934,Infosys Ltd,Infosys
935,Innodata Inc,Innodata
936,Inovalon Holdings Inc,Inovalon
937,Inphi Corp,Inphi
938,Inpixon,Inpixon
939,Insight Enterprises Inc,Insight Enterprises
940,Instructure Inc,Instructure
941,Integrated Device Technology Inc,Integrated Device
942,Intel Corp,Intel
943,Intellicheck Inc,Intellicheck
944,Intelsat SA,Intelsat Sa
945,InterDigital Inc,Interdigital
946,Intermolecular Inc,Intermolecular
947,Internap Corp,Internap
948,International Business Machines Corp,Business Machines
949,Internet Gold Golden Lines Ltd,Internet Gold Golden Lines
950,Internet Initiative Japan Inc,Internet Initiative Japan
951,InterXion Holding NV,Interxion
952,inTest Corp,Intest
953,Intevac Inc,Intevac
954,Intuit Inc,Intuit
955,iPass Inc,Ipass
956,IPG Photonics Corp,Ipg Photonics
957,Iridium Communications Inc,Iridium Communications
958,Iron Mountain Inc,Iron Mountain
959,Issuer Direct Corp,Issuer Direct
960,Iteris Inc,Iteris
961,Itron Inc,Itron
962,IXYS Corp,Ixys
963,IZEA Inc,Izea
964,J2 Global Inc,J2 Global
965,Jabil Inc,Jabil
966,Jack Henry & Associates Inc,Jack Henry Associates
967,JA Solar Holdings Co Ltd,Ja Solar
968,JD.com Inc,Jdcom
969,JinkoSolar Holding Co Ltd,Jinkosolar
970,Juniper Networks Inc,Juniper Networks
971,KEMET Corp,Kemet
972,Keysight Technologies Inc,Keysight
973,Key Tronic Corp,Key Tronic
974,KEYW Holding Corp,Keyw
975,Kimball Electronics Inc,Kimball Electronics
976,Kimball International Inc,Kimball
977,Kingtone Wirelessinfo Solution Holding Ltd,Kingtone Wirelessinfo
978,KLA-Tencor Corp,Kla-Tencor
979,Knowles Corp,Knowles
980,Kopin Corp,Kopin
981,KT Corp,Kt
982,Kulicke and Soffa Industries Inc,Kulicke And Soffa Industries
983,KVH Industries Inc,Kvh Industries
984,Kyocera Corp,Kyocera
985,Lam Research Corp,Lam Research
986,Lantronix Inc,Lantronix
987,Lattice Semiconductor Corp,Lattice Semiconductor
988,Leaf Group Ltd,Leaf
989,Leidos Holdings Inc,Leidos
990,LG Display Co Ltd,Lg Display
991,Limelight Networks Inc,Limelight Networks
992,Line Corp,Line
993,Link Motion Inc,Link Motion
994,LivePerson Inc,Liveperson
995,Live Ventures Inc,Live Ventures
996,Logitech International SA,Logitech Sa
997,LogMeIn Inc,Logmein
998,Loral Space & Communications Inc,Loral Space Communications
999,LRAD Corp,Lrad
1000,Luna Innovations Inc,Luna Innovations
1001,Luxoft Holding Inc,Luxoft
1002,MACOM Technology Solutions Holdings Inc,Macom
1003,Magicjack Vocaltec Ltd,Magicjack Vocaltec
1004,Magic Software Enterprises Ltd,Magic Software Enterprises
1005,MagnaChip Semiconductor Corp,Magnachip Semiconductor
1006,Majesco,Majesco
1007,MAM Software Group Inc,Mam Software
1008,Manhattan Associates Inc,Manhattan Associates
1009,ManTech International Corp,Mantech
1010,Marin Software Inc,Marin Software
1011,Marvell Technology Group Ltd,Marvell
1012,Match Group Inc,Match
1013,Materialise NV,Materialise
1014,Mattersight Corp,Mattersight
1015,Maxim Integrated Products Inc,Maxim Integrated Products
1016,Maxwell Technologies Inc,Maxwell
1017,Medical Transcription Billing Corp,Medical Transcription Billing
1018,Medidata Solutions Inc,Medidata
1019,Meet Group Inc,Meet
1020,Mellanox Technologies Ltd,Mellanox
1021,Mercury Systems Inc,Mercury
1022,Mer Telemanagement Solutions Ltd,Mer Telemanagement
1023,Methode Electronics Inc,Methode Electronics
1024,Metrospaces Inc,Metrospaces
1025,Microchip Technology Inc,Microchip
1026,Micron Technology Inc,Micron
1027,Microsemi Corp,Microsemi
1028,Microsoft Corp,Microsoft
1029,MicroStrategy Inc,Microstrategy
1030,MicroVision Inc,Microvision
1031,Mimecast Ltd,Mimecast
1032,Mindbody Inc,Mindbody
1033,Mind CTI Ltd,Mind Cti
1034,Mitcham Industries Inc,Mitcham Industries
1035,Mitek Systems Inc,Mitek
1036,Mitel Networks Corp,Mitel Networks
1037,MiX Telematics Ltd,Mix Telematics
1038,MKS Instruments Inc,Mks Instruments
1039,MobileIron Inc,Mobileiron
1040,Mobil'nye Telesistemy PAO,Mobil'Nye Telesistemy Pao
1041,Model N Inc,Model N
1042,Momo Inc,Momo
1043,Monolithic Power Systems Inc,Monolithic Power
1044,Monotype Imaging Holdings Inc,Monotype Imaging
1045,Morningstar Inc,Morningstar
1046,MoSys Inc,Mosys
1047,Motorola Solutions Inc,Motorola
1048,MSCI Inc,Msci
1049,MTS Systems Corp,Mts
1050,My Size Inc,My Size
1051,Nam Tai Property Inc,Nam Tai Property
1052,Nano Dimension Ltd,Nano Dimension
1053,NETGEAR Inc,Netgear
1054,Netlist Inc,Netlist
1055,NetScout Systems Inc,Netscout
1056,NetSol Technologies Inc,Netsol
1057,Network-1 Technologies Inc,Network-1
1058,New Relic Inc,New Relic
1059,Nice Ltd,Nice
1060,NIC Inc,Nic
1061,Nielsen Holdings PLC,Nielsen Plc
1062,NII Holdings Inc,Nii
1063,Nokia Oyj,Nokia Oyj
1064,Nortech Systems Inc,Nortech
1065,Nova Measuring Instruments Ltd,Nova Measuring Instruments
1066,NTT Docomo Inc,Ntt Docomo
1067,Nuance Communications Inc,Nuance Communications
1068,Nutanix Inc,Nutanix
1069,NVE Corp,Nve
1070,NVIDIA Corp,Nvidia
1071,NXP Semiconductors NV,Nxp Semiconductors
1072,O2micro International Ltd,O2Micro
1073,Oclaro Inc,Oclaro
1074,Omnicell Inc,Omnicell
1075,One Horizon Group Inc,One Horizon
1076,ON Semiconductor Corp,Semiconductor
1077,Ooma Inc,Ooma
1078,Open Text Corp,Open Text
1079,Optical Cable Corp,Optical Cable
1080,Oracle Corp,Oracle
1081,Orange SA,Orange Sa
1082,ORBCOMM Inc,Orbcomm
1083,Orbotech Ltd,Orbotech
1084,Orion Energy Systems Inc,Orion Energy
1085,Otelco Inc,Otelco
1086,Palo Alto Networks Inc,Palo Alto Networks
1087,Park City Group Inc,Park City
1088,Park Electrochemical Corp,Park Electrochemical
1089,ParkerVision Inc,Parkervision
1090,PAR Technology Corp,Par
1091,Partner Communications Company Ltd,Partner Communications Company
1092,Paycom Software Inc,Paycom Software
1093,Paylocity Holding Corp,Paylocity
1094,PCTEL Inc,Pctel
1095,PDF Solutions Inc,Pdf
1096,pdvWireless Inc,Pdvwireless
1097,Pegasystems Inc,Pegasystems
1098,Perceptron Inc,Perceptron
1099,Perficient Inc,Perficient
1100,Perion Network Ltd,Perion Network
1101,Phoenix New Media Ltd,Phoenix New Media
1102,Photronics Inc,Photronics
1103,Pixelworks Inc,Pixelworks
1104,Plantronics Inc,Plantronics
1105,PLDT Inc,Pldt
1106,Plexus Corp,Plexus
1107,Plug Power Inc,Plug Power
1108,Pointer Telocation Ltd,Pointer Telocation
1109,Points International Ltd,Points
1110,Polarityte Inc,Polarityte
1111,Polar Power Inc,Polar Power
1112,Power Integrations Inc,Power Integrations
1113,Precipio Inc,Precipio
1114,Premier Inc,Premier
1115,Professional Diversity Network Inc,Professional Diversity Network
1116,Progress Software Corp,Progress Software
1117,Proofpoint Inc,Proofpoint
1118,PROS Holdings Inc,Pros
1119,Proteostasis Therapeutics Inc,Proteostasis Therapeutics
1120,PTC Inc,Ptc
1121,Pure Storage Inc,Pure Storage
1122,Q2 Holdings Inc,Q2
1123,QAD Inc,Qad
1124,Qorvo Inc,Qorvo
1125,Qualcomm Inc,Qualcomm
1126,Quality Systems Inc,Quality
1127,Qualstar Corp,Qualstar
1128,Qualys Inc,Qualys
1129,Quantenna Communications Inc,Quantenna Communications
1130,Quantum Corp,Quantum
1131,Quarterhill Inc,Quarterhill
1132,QuickLogic Corp,Quicklogic
1133,Quinstreet Inc,Quinstreet
1134,Qumu Corp,Qumu
1135,Radcom Ltd,Radcom
1136,Radisys Corp,Radisys
1137,Radware Ltd,Radware
1138,Rambus Inc,Rambus
1139,Rapid7 Inc,Rapid7
1140,RealNetworks Inc,Realnetworks
1141,RealPage Inc,Realpage
1142,Red Hat Inc,Red Hat
1143,RELM Wireless Corp,Relm Wireless
1144,Remark Holdings Inc,Remark
1145,ReneSola Ltd,Renesola
1146,Renren Inc,Renren
1147,Resonant Inc,Resonant
1148,Revolution Lighting Technologies Inc,Revolution Lighting
1149,RF Industries Ltd,Rf Industries
1150,RigNet Inc,Rignet
1151,RingCentral Inc,Ringcentral
1152,Rogers Communications Inc,Rogers Communications
1153,Rogers Corp,Rogers
1154,Rosetta Stone Inc,Rosetta Stone
1155,Rubicon Project Inc,Rubicon Project
1156,Rubicon Technology Inc,Rubicon
1157,Rudolph Technologies Inc,Rudolph
1158,Sabre Corp,Sabre
1159,Salesforce.com Inc,Salesforcecom
1160,Sanmina Corp,Sanmina
1161,Sapiens International Corporation NV,Sapiens Corporation
1162,SAP SE,Sap
1163,SBA Communications Corp,Sba Communications
1164,ScanSource Inc,Scansource
1165,Schmitt Industries Inc,Schmitt Industries
1166,Science Applications International Corp,Science Applications
1167,SeaChange International Inc,Seachange
1168,Seagate Technology PLC,Seagate Plc
1169,SecureWorks Corp,Secureworks
1170,Semiconductor Manufacturing International Corp,Semiconductor Manufacturing
1171,SemiLEDs Corp,Semileds
1172,Semtech Corp,Semtech
1173,Sensata Technologies Holding NV,Sensata
1174,Sequans Communications SA,Sequans Communications Sa
1175,ServiceNow Inc,Servicenow
1176,ServiceSource International Inc,Servicesource
1177,Shenandoah Telecommunications Co,Shenandoah Telecommunications
1178,Shopify Inc,Shopify
1179,Sierra Wireless Inc,Sierra Wireless
1180,Sify Technologies Ltd,Sify
1181,Sigma Designs Inc,Sigma Designs
1182,SigmaTron International Inc,Sigmatron
1183,Silicom Ltd,Silicom
1184,Silicon Laboratories Inc,Silicon Laboratories
1185,Silicon Motion Technology Corp,Silicon Motion
1186,Siliconware Precision Industries Co Ltd,Siliconware Precision Industries
1187,Silver Spring Networks Inc,Silver Spring Networks
1188,Simulations Plus Inc,Simulations Plus
1189,SINA Corp,Sina
1190,SITO Mobile Ltd,Sito Mobile
1191,Sphere 3D Corp,Sphere 3D
1192,Splunk Inc,Splunk
1193,Spok Holdings Inc,Spok
1194,Sprint Corp,Sprint
1195,SPS Commerce Inc,Sps Commerce
1196,Square Inc,Square
1197,SS&C Technologies Holdings Inc,Ssc
1198,Stamps.Com Inc,Stampscom
1199,STMicroelectronics NV,Stmicroelectronics
1200,Stratasys Ltd,Stratasys
1201,Streamline Health Solutions Inc,Streamline Health
1202,SunPower Corp,Sunpower
1203,Sunrun Inc,Sunrun
1204,Supercom Ltd,Supercom
1205,Superconductor Technologies Inc,Superconductor
1206,Super Micro Computer Inc,Super Micro Computer
1207,Support.com Inc,Supportcom
1208,Sykes Enterprises Inc,Sykes Enterprises
1209,Symantec Corp,Symantec
1210,Synacor Inc,Synacor
1211,Synaptics Inc,Synaptics
1212,Synchronoss Technologies Inc,Synchronoss
1213,Synopsys Inc,Synopsys
1214,Syntel Inc,Syntel
1215,Systemax Inc,Systemax
1216,Tableau Software Inc,Tableau Software
1217,Tabula Rasa HealthCare Inc,Tabula Rasa Healthcare
1218,Taiwan Semiconductor Manufacturing Co Ltd,Taiwan Semiconductor Manufacturing
1219,Take-Two Interactive Software Inc,Take-Two Interactive Software
1220,Talend SA,Talend Sa
1221,Technical Communications Corp,Technical Communications
1222,TechTarget Inc,Techtarget
1223,TE Connectivity Ltd,Te Connectivity
1224,Teladoc Inc,Teladoc
1225,Telecom Argentina SA,Telecom Argentina Sa
1226,Telecom Italia SpA,Telecom Italia Spa
1227,Teledyne Technologies Inc,Teledyne
1228,Telefonaktiebolaget LM Ericsson,Telefonaktiebolaget Lm Ericsson
1229,Telefonica Brasil SA,Telefonica Brasil Sa
1230,Telefonica SA,Telefonica Sa
1231,Telekomunikasi Indonesia (Persero) Tbk Perusahaan Perseroan PT,Telekomunikasi Indonesia Persero) Tbk Perusahaan Perseroan
1232,Telenav Inc,Telenav
1233,Telephone and Data Systems Inc,Telephone And Data
1234,Telus Corp,Telus
1235,Teradata Corp,Teradata
1236,Teradyne Inc,Teradyne
1237,TESSCO Technologies Inc,Tessco
1238,Texas Instruments Inc,Texas Instruments
1239,The9 Ltd,The9
1240,TheStreet Inc,Thestreet
1241,Tim Participacoes SA,Tim Participacoes Sa
1242,T-Mobile US Inc,T-Mobile Us
1243,Top Image Systems Ltd,Top Image
1244,Tower Semiconductor Ltd,Tower Semiconductor
1245,Trade Desk Inc,Trade Desk
1246,TransAct Technologies Inc,Transact
1247,Transcat Inc,Transcat
1248,Travelzoo,Travelzoo
1249,Trimble Inc,Trimble
1250,Trio-Tech International,Trio-Tech
1251,TripAdvisor Inc,Tripadvisor
1252,TrueCar Inc,Truecar
1253,TSR Inc,Tsr
1254,TTM Technologies Inc,Ttm
1255,Tucows Inc,Tucows
1256,Turkcell Iletisim Hizmetleri AS,Turkcell Iletisim Hizmetleri
1257,Turtle Beach Corp,Turtle Beach
1258,Twilio Inc,Twilio
1259,Twitter Inc,Twitter
1260,Tyler Technologies Inc,Tyler
1261,Ubiquiti Networks Inc,Ubiquiti Networks
1262,Ultimate Software Group Inc,Ultimate Software
1263,Ultra Clean Holdings Inc,Ultra Clean
1264,Unisys Corp,Unisys
1265,United Microelectronics Corp,United Microelectronics
1266,United States Cellular Corp,United States Cellular
1267,Universal Display Corp,Universal Display
1268,Upland Software Inc,Upland Software
1269,USA Technologies Inc,Usa
1270,US Gold Corp,Us Gold
1271,UTStarcom Holdings Corp,Utstarcom
1272,Varonis Systems Inc,Varonis
1273,VASCO Data Security International Inc,Vasco Data Security
1274,Veeco Instruments Inc,Veeco Instruments
1275,Veeva Systems Inc,Veeva
1276,Verint Systems Inc,Verint
1277,Verisign Inc,Verisign
1278,Verizon Communications Inc,Verizon Communications
1279,ViaSat Inc,Viasat
1280,Vicon Industries Inc,Vicon Industries
1281,Vicor Corp,Vicor
1282,VirnetX Holding Corp,Virnetx
1283,Virtusa Corp,Virtusa
1284,Vishay Intertechnology Inc,Vishay Intertechnology
1285,Vishay Precision Group Inc,Vishay Precision
1286,Vivint Solar Inc,Vivint Solar
1287,VMware Inc,Vmware
1288,Vocera Communications Inc,Vocera Communications
1289,Vodafone Group PLC,Vodafone Plc
1290,Vonage Holdings Corp,Vonage
1291,Voxeljet AG,Voxeljet
1292,Weibo Corp,Weibo
1293,Westell Technologies Inc,Westell
1294,Western Digital Corp,Western Digital
1295,WidePoint Corp,Widepoint
1296,Windstream Holdings Inc,Windstream
1297,Wipro Ltd,Wipro
1298,Wireless Telecom Group Inc,Wireless Telecom
1299,Wix.Com Ltd,Wixcom
1300,Workday Inc,Workday
1301,Workiva Inc,Workiva
1302,Xcerra Corp,Xcerra
1303,Xerox Corp,Xerox
1304,xG Technology Inc,Xg
1305,Xilinx Inc,Xilinx
1306,Xplore Technologies Corp,Xplore
1307,Xunlei Ltd,Xunlei
1308,Yandex NV,Yandex
1309,Yelp Inc,Yelp
1310,Yingli Green Energy Holding Co Ltd,Yingli Green Energy
1311,YY Inc,Yy
1312,Zayo Group Holdings Inc,Zayo
1313,Zedge Inc,Zedge
1314,Zendesk Inc,Zendesk
1315,Zillow Group Inc,Zillow
1316,Zix Corp,Zix
1317,Zynga Inc,Zynga
1318,American Commerce Solutions Inc,American Commerce
1319,All American Energy Holding Inc,All American Energy
1320,AmbiCom Holdings Inc,Ambicom
1321,Ability Inc,Ability
1322,Autoweb Inc,Autoweb
1323,Activecare Inc,Activecare
1324,ACCESS POWER INC,Access Power
1325,Acacia Communications Inc,Acacia Communications
1326,"ACCEL BRANDS, INC.",Accel Brands
1327,Actions Semiconductor Co Ltd,Actions Semiconductor
1328,ACT TELECONFERENCING INC,Act Teleconferencing
1329,Adama Technologies Corp,Adama
1330,Adept Technology Inc,Adept
1331,Audience Inc,Audience
1332,ADAPTIVE SOLUTIONS INC,Adaptive
1333,ADTRAN Inc,Adtran
1334,Alliance Media Holdings Inc,Alliance Media
1335,AEHR Test Systems,Aehr Test
1336,Advanced Energy Industries Inc,Advanced Energy Industries
1337,Applied Energetics Inc,Applied Energetics
1338,Alliance Fiber Optic Products Inc,Alliance Fiber Optic Products
1339,Aftermaster Inc,Aftermaster
1340,Agora Holdings Inc,Agora
1341,ADVANCED ID CORP,Advanced Id
1342,Alternative Investment Corp,Alternative Investment
1343,AEROSONIC CORP /DE/,Aerosonic De
1344,AMERICAN INTERACTIVE MEDIA INC,American Interactive Media
1345,Airgain Inc,Airgain
1346,Airspan Networks Inc,Airspan Networks
1347,Aixtron SE,Aixtron
1348,Ami James Brands Inc,Ami James Brands
1349,Akamai Technologies Inc,Akamai
1350,Aerkomm Inc,Aerkomm
1351,Akoustis Technologies Inc,Akoustis
1352,Allot Communications Ltd,Allot Communications
1353,Alimco Financial Corp,Alimco Financial
1354,Alpine 4 Technologies Ltd.,Alpine 4
1355,ALR Technologies Inc,Alr
1356,Alaska Communications Systems Group Inc,Alaska Communications
1357,Altair Engineering Inc,Altair Engineering
1358,Alteva Inc,Alteva
1359,Alcatel Lucent SA,Alcatel Lucent Sa
1360,Alvarion Ltd,Alvarion
1361,AMBT Liquidating Corp,Ambt Liquidating
1362,Applied Micro Circuits Corp,Applied Micro Circuits
1363,Advanced Micro Devices Inc,Advanced Micro Devices
1364,Amplitech Group Inc,Amplitech
1365,Ameri Holdings Inc,Ameri
1366,AMISTAR CORP,Amistar
1367,ANADIGICS Inc,Anadigics
1368,Andrea Electronics Corp,Andrea Electronics
1369,PHAZAR CORP,Phazar
1370,Anv Security Group Inc,Anv Security
1371,Advanced Photonix Inc.,Advanced Photonix
1372,"ASPIRE INTERNATIONAL, INC.",Aspire
1373,ACME PACKET INC,Acme Packet
1374,Applied Science Products Inc,Applied Science Products
1375,"BLUE BRIDGE CAPITAL, INC.",Blue Bridge Capital
1376,Aquis Communications Group Inc,Aquis Communications
1377,Arcis Resources Corp,Arcis Resources
1378,ARM Holdings PLC,Arm Plc
1379,American Nortel Communications Inc,American Nortel Communications
1380,Aruba Networks Inc,Aruba Networks
1381,AEROFLEX HOLDING CORP.,Aeroflex
1382,AEROFLEX INC,Aeroflex
1383,ASIA GLOBAL CROSSING LTD,Asia Global Crossing
1384,ASM International NV,Asm
1385,Asante Technologies Inc,Asante
1386,Ascent Solar Technologies Inc,Ascent Solar
1387,Advanced Semiconductor Engineering Inc,Advanced Semiconductor Engineering
1388,Waxess Holdings Inc,Waxess
1389,Advantest Corp,Advantest
1390,A10 Networks Inc,A10 Networks
1391,Altigen Communications Inc,Altigen Communications
1392,Atmel Corp,Atmel
1393,API Technologies Corp,Api
1394,Attune Rtd,Attune Rtd
1395,"Advance Nanotech, Inc.",Advance Nanotech
1396,Aventura Equities Inc,Aventura Equities
1397,AVEROX INC.,Averox
1398,Avistar Communications Corp,Avistar Communications
1399,Avaya Holdings Corp.,Avaya
1400,Eyes on The Go Inc,Eyes The Go
1401,Axius Inc.,Axius
1402,Axesstel Inc,Axesstel
1403,AXTEL SAB DE CV,Axtel Sab De Cv
1404,Acuity Brands Inc,Acuity Brands
1405,5Barz International Inc,5Barz
1406,BANCTEC INC,Banctec
1407,BlackBerry Ltd,Blackberry
1408,Beacon Redevelopment Industrial Corp,Beacon Redevelopment Industrial
1409,BROADWING COMMUNICATIONS INC,Broadwing Communications
1410,SeanieMac International Ltd,Seaniemac
1411,BIO-Key International Inc,Bio-Key
1412,BELLSOUTH CORP,Bellsouth
1413,Blue Sphere Corp,Blue Sphere
1414,BLUE ZONE INC,Blue Zone
1415,"Banks.com, Inc.",Bankscom
1416,Bogen Communications International Inc,Bogen Communications
1417,Lingerie Fighting Championships Inc,Lingerie Fighting Championships
1418,Brocade Communications Systems Inc,Brocade Communications
1419,BRAMPTON CREST INTERNATIONAL INC,Brampton Crest
1420,Broadcom Corp,Broadcom
1421,CATHAYONE INC,Cathayone
1422,Biosynergy Inc,Biosynergy
1423,BTU INTERNATIONAL INC,Btu
1424,BROADVIEW NETWORKS HOLDINGS INC,Broadview Networks
1425,"BROADWEBASIA, INC.",Broadwebasia
1426,BROADWING CORP,Broadwing
1427,Bakken Water Transfer Services Inc,Bakken Water Transfer
1428,"BAXL Holdings, Inc.",Baxl
1429,CATALINA LIGHTING INC,Catalina Lighting
1430,Capstone Companies Inc,Capstone Companies
1431,4Cable TV International Inc,4Cable
1432,Cambex Corp,Cambex
1433,Champion Communication Services Inc,Champion Communication
1434,Competitive Companies Inc,Competitive Companies
1435,China Crescent Enterprises Inc,China Crescent Enterprises
1436,Concurrent Computer Corp,Concurrent Computer
1437,COMPUDYNE CORP,Compudyne
1438,CDEX Inc,Cdex
1439,GLOBAL LEADERSHIP INSTITUTE INC.,Global Leadership Institute
1440,Clean Energy Technologies Inc,Clean Energy
1441,China Green Lighting Ltd,China Green Lighting
1442,CH LIGHTING INTERNATIONAL CORP,Ch Lighting
1443,China Mobile Media Technology Inc.,China Mobile Media
1444,China Voice Holding Corp.,China Voice
1445,"CHATSWORTH DATA SOLUTIONS, INC.",Chatsworth Data
1446,Checkpoint Systems Inc,Checkpoint
1447,Data Backup Solutions Inc,Data Backup
1448,"CLEAR-LITE HOLDINGS, INC.",Clear-Lite
1449,Cleartronic Inc,Cleartronic
1450,Fuzebox Software Corp,Fuzebox Software
1451,Clearwire Corp /DE,Clearwire De
1452,CALEMINDER INC,Caleminder
1453,Comarco Inc,Comarco
1454,CINTEL CORP,Cintel
1455,China Teletech Holding Inc,China Teletech
1456,CONOLOG CORP,Conolog
1457,CONEXANT SYSTEMS INC,Conexant
1458,COBRA ELECTRONICS CORP,Cobra Electronics
1459,Coda Octopus Group Inc,Coda Octopus
1460,Spansion Inc,Spansion
1461,CODE ALARM INC,Code Alarm
1462,ConectiSys Corp,Conectisys
1463,Cordia Corp,Cordia
1464,COSINE COMMUNICATIONS INC,Cosine Communications
1465,COPsync Inc,Copsync
1466,CORTELCO SYSTEMS PUERTO RICO INC,Cortelco Puerto Rico
1467,Compulab Ltd,Compulab
1468,Crossroads Systems Inc,Crossroads
1469,CIRCUIT RESEARCH LABS INC,Circuit Research Labs
1470,Coretec Group Inc,Coretec
1471,CareView Communications Inc,Careview Communications
1472,CRAY COMPUTER CORP,Cray Computer
1473,Cascade Microtech Inc,Cascade Microtech
1474,CASCADE TECHNOLOGIES CORP,Cascade
1475,"Clear Skies Solar, Inc",Clear Skies Solar
1476,China Solar & Clean Energy Solutions Inc,China Solar Clean Energy
1477,CSR plc,Csr Plc
1478,Consorteum Holdings Inc,Consorteum
1479,ColorStars Group,Colorstars
1480,China Sunergy Co Ltd,China Sunergy
1481,Telefonica Chile S.A.,Telefonica Chile Sa
1482,Peak Pharmaceuticals Inc,Peak Pharmaceuticals
1483,"Clavis Technologies International Co., Ltd.",Clavis
1484,Qwest 7.375% Notes,Qwest 7375% Notes
1485,China Travel Resort Holdings Inc,China Travel Resort
1486,CTX Virtual Technologies Inc,Ctx Virtual
1487,Creative Vistas Inc,Creative Vistas
1488,CVC INC,Cvc
1489,COVENANT GROUP OF CHINA INC,Covenant China
1490,CONVERSION SERVICES INTERNATIONAL INC,Conversion
1491,Covista Communications Inc,Covista Communications
1492,Central Wireless Inc,Central Wireless
1493,CARDXX INC,Cardxx
1494,Cyber Digital Inc,Cyber Digital
1495,Cyberlux Corp,Cyberlux
1496,Cyalume Technologies Holdings Inc,Cyalume
1497,CYMER INC,Cymer
1498,"CelLynx Group, Inc.",Cellynx
1499,CYBERMESH INTERNATIONAL CORP.,Cybermesh
1500,DATA TRANSLATION INC /NEW/,Data Translation New
1501,DOBSON COMMUNICATIONS CORP,Dobson Communications
1502,Discovery Gold Corp,Discovery Gold
1503,DISC INC/CA,Disc Incca
1504,3D Systems Corp,3D
1505,DELTATHREE INC,Deltathree
1506,DDS Technologies USA Inc,Dds Usa
1507,Defentect Group Inc,Defentect
1508,Defense Technology Systems Inc,Defense
1509,Digital Development Partners Inc,Digital Development Partners
1510,Digiliti Money Group Inc,Digiliti Money
1511,Diguang International Development Co Ltd,Diguang Development
1512,DGT Holdings Corp.,Dgt
1513,DigitalTown Inc,Digitaltown
1514,Digitiliti Inc,Digitiliti
1515,DealerAdvance Inc,Dealeradvance
1516,DECISIONLINK INC,Decisionlink
1517,DATAMARINE INTERNATIONAL INC,Datamarine
1518,DATAMETRICS CORP,Datametrics
1519,DND Technologies Inc,Dnd
1520,DecisionPoint Systems Inc,Decisionpoint
1521,DRS TECHNOLOGIES INC,Drs
1522,DragonWave Inc,Dragonwave
1523,Triton Emission Solutions Inc,Triton Emission
1524,Dualstar Technologies Corp,Dualstar
1525,"DATA STORAGE CONSULTING SERVICES, INC.",Data Storage
1526,Digerati Technologies Inc,Digerati
1527,DT INDUSTRIES INC,Dt Industries
1528,3D Total Solutions Inc.,3D Total
1529,DTE Energy Co,Dte Energy
1530,"Dot VN, Inc.",Dot Vn
1531,COVAD COMMUNICATIONS GROUP INC,Covad Communications
1532,DYNAMIC MEDIA INC,Dynamic Media
1533,DYNATEM INC,Dynatem
1534,DASAN Zhone Solutions Inc,Dasan Zhone
1535,EAGLE BROADBAND INC,Eagle Broadband
1536,"EASTERN SECURITY & PROTECTION SERVICES, INC.",Eastern Security Protection
1537,East Coast Diversified Corp,East Coast Diversified
1538,EDCI Holdings Inc,Edci
1539,e.Digital Corp,Edigital
1540,EDO CORP,Edo
1541,9303-2241 Quebec inc,9303-2241 Quebec
1542,8x8 Inc,8X8
1543,Electronic Control Security Inc,Electronic Control Security
1544,ExeLED Holdings Inc,Exeled
1545,Electric and Gas Technology Inc,Electric And Gas
1546,ENGLISH LANGUAGE LEARNING & INSTRUCTION SYSTEM INC,English Language Learning Instruction System
1547,Earthlink Holdings Corp,Earthlink
1548,Electronic Systems Technology Inc,Electronic
1549,Emulex Corporation,Emulex Corporation
1550,EMC Corp,Emc
1551,EMRISE Corp,Emrise
1552,Omnicanna Health Solutions Inc,Omnicanna Health
1553,"Entropic Communications, Inc.",Entropic Communications
1554,Envivio Inc,Envivio
1555,Enova Systems Inc,Enova
1556,Equinix Inc,Equinix
1557,ERF Wireless Inc,Erf Wireless
1558,eRoomSystem Technologies Inc,Eroomsystem
1559,ESCO Technologies Inc,Esco
1560,Euro Solar Parks Inc,Euro Solar Parks
1561,Electronic Sensor Technology Inc,Electronic Sensor
1562,Espey MFG and Electronics Corp,Espey Mfg And Electronics
1563,ELECSYS CORP,Elecsys
1564,ELECTRONIC TELE COMMUNICATIONS INC,Electronic Tele Communications
1565,Envision Solar International Inc,Envision Solar
1566,Elbit Vision Systems Ltd,Elbit Vision
1567,Eventure Interactive Inc,Eventure Interactive
1568,Enviro Voraxial Technology Inc,Enviro Voraxial
1569,Exar Corp,Exar
1570,Exactus Inc,Exactus
1571,Exeo Entertainment Inc,Exeo Entertainment
1572,EXFO Inc,Exfo
1573,Ecologix Resource Group Inc,Ecologix Resource
1574,Extreme Networks Inc,Extreme Networks
1575,EZchip Semiconductor Ltd,Ezchip Semiconductor
1576,Ezenia! Inc,Ezenia!
1577,Ficaar Inc,Ficaar
1578,FIRST CAPITAL INTERNATIONAL INC,First Capital
1579,Fairchild Semiconductor International Inc,Fairchild Semiconductor
1580,FORCE10 NETWORKS INC,Force10 Networks
1581,"FORTUNE INDUSTRIES, INC.",Fortune Industries
1582,FEDERATED PURCHASER INC,Federated Purchaser
1583,FriendFinder Networks Inc.,Friendfinder Networks
1584,Franklin Wireless Corp,Franklin Wireless
1585,First Liberty Power Corp,First Liberty Power
1586,Flint Telecom Group Inc,Flint Telecom
1587,Flexpoint Sensor Systems Inc,Flexpoint Sensor
1588,Full Spectrum Inc,Full Spectrum
1589,Full Motion Beverage Inc,Full Motion Beverage
1590,FONIX CORP,Fonix
1591,Firefish Inc,Firefish
1592,FairPoint Communications Inc,Fairpoint Communications
1593,FSI INTERNATIONAL INC,Fsi
1594,Freescale Semiconductor Ltd,Freescale Semiconductor
1595,FSONA SYSTEMS CORP.,Fsona
1596,FTE Networks Inc,Fte Networks
1597,420 Property Management Inc,420 Property Management
1598,FiberTower CORP,Fibertower
1599,Fullnet Communications Inc,Fullnet Communications
1600,Fortune Valley Treasures Inc,Fortune Valley Treasures
1601,Garb Oil & Power Corp,Garb Oil Power
1602,Gawk Inc,Gawk
1603,Green Ballast Inc,Green Ballast
1604,Global Resource CORP,Global Resource
1605,GLOBAL LIGHT TELECOMMUNICATIONS INC,Global Light Telecommunications
1606,Greencell Inc,Greencell
1607,"Geos Communications, Inc.",Geos Communications
1608,GLOBECOMM SYSTEMS INC,Globecomm
1609,PROSALUTIS HOLDINGS INC.,Prosalutis
1610,AUGRID CORP,Augrid
1611,GigCapital Inc,Gigcapital
1612,Giga-tronics Inc,Giga-Tronics
1613,GLOBAL ITECHNOLOGY INC,Global Itechnology
1614,GLOBAL INNOVATION CORP.,Global Innovation
1615,Credit Suisse X-Links Gold Cov Call ETN,Credit Suisse X-Links Gold Cov Call Etn
1616,Global Ecology Corp,Global Ecology
1617,Greystone Logistics Inc,Greystone Logistics
1618,General Communication Inc,General Communication
1619,General Datacomm Industries Inc,General Datacomm Industries
1620,Globe Net Wireless Corp.,Globe Net Wireless
1621,LIBERTY TECHNOLOGIES INC,Liberty
1622,"GPS INDUSTRIES, INC.",Gps Industries
1623,"GLOBAL ROAMING DISTRIBUTION, INC.",Global Roaming Distribution
1624,Grow Condos Inc,Grow Condos
1625,"Green St. Energy, Inc.",Green St Energy
1626,NORTHEAST DIGITAL NETWORKS INC,Northeast Digital Networks
1627,GTECH HOLDINGS CORP,Gtech
1628,Global Technologies Ltd,Global
1629,Gold Torrent Inc,Gold Torrent
1630,GoTraq Inc,Gotraq
1631,GTX Corp,Gtx
1632,GATEWAY ACCESS SOLUTIONS INC,Gateway Access
1633,Hauppauge Digital Inc,Hauppauge Digital
1634,"American Realty Capital Healthcare Trust, Inc.",American Realty Capital Healthcare Trust
1635,HD View 360 Inc.,Hd View 360
1636,SmartHeat Inc,Smartheat
1637,HEI INC,Hei
1638,"HIGH END VENTURES, INC.",High End Ventures
1639,Heritage Global Inc,Heritage Global
1640,Hickok Inc,Hickok
1641,Dot Hill Systems Corp,Dot Hill
1642,"EPM Live, Inc.",Epm Live
1643,HI RISE RECYCLING SYSTEMS INC,Hi Rise Recycling
1644,HITTITE MICROWAVE CORP,Hittite Microwave
1645,Aerohive Networks Inc,Aerohive Networks
1646,Hong Kong Television Network Ltd,Hong Kong Television Network
1647,HOME DIRECTOR INC,Home Director
1648,Hammer Fiber Optics Holdings Corp,Hammer Fiber Optics
1649,Horizon Telcom Inc,Horizon Telcom
1650,HS3 Technologies Inc,Hs3
1651,Hutchinson Technology Inc,Hutchinson
1652,"HUGHES Telematics, Inc.",Hughes Telematics
1653,HyperSolar Inc,Hypersolar
1654,"ASURA DEVELOPMENT GROUP, INC.",Asura Development
1655,Qest Corp,Qest
1656,"IB3 Networks, Inc.",Ib3 Networks
1657,"ICC Worldwide, Inc.",Icc Worldwide
1658,INCOMNET INC,Incomnet
1659,ICOA Inc,Icoa
1660,"ICTC GROUP, INC.",Ictc
1661,"iDNA, Inc.",Idna
1662,Invent Ventures Inc,Invent Ventures
1663,IDO Security Inc,Ido Security
1664,"IdentiPHI, Inc.",Identiphi
1665,IEH Corp,Ieh
1666,IEXALT INC,Iexalt
1667,IFX CORP,Ifx
1668,iGO Inc,Igo
1669,"Interact Holdings Group, Inc.",Interact
1670,IHS Inc,Ihs
1671,Intelligent Highway Solutions Inc,Intelligent Highway
1672,Ikanos Communications Inc,Ikanos Communications
1673,Evolucia Inc,Evolucia
1674,INTERLINK GLOBAL CORP,Interlink Global
1675,"Grom Social Enterprises, Inc.",Grom Social Enterprises
1676,Infinite Group Inc,Infinite
1677,IMP INC,Imp
1678,SECURE POINT TECHNOLOGIES INC,Secure Point
1679,InterMetro Communications Inc,Intermetro Communications
1680,"Intermec, Inc.",Intermec
1681,Innocom Technology Holdings Inc,Innocom
1682,International Isotopes Inc,Isotopes
1683,"Shrink Nanotechnologies, Inc.",Shrink Nanotechnologies
1684,Intellisense Solutions Inc.,Intellisense
1685,INFINITE NETWORKS CORP,Infinite Networks
1686,Interphase Corp,Interphase
1687,Inrad Optics Inc,Inrad Optics
1688,INDUSTRIAL TECHNOLOGIES INC,Industrial
1689,Intrusion Inc,Intrusion
1690,Innovative Card Technologies Inc,Innovative Card
1691,Integral Vision Inc,Integral Vision
1692,InvenSense Inc,Invensense
1693,Inventergy Global Inc,Inventergy Global
1694,INNOVEX INC,Innovex
1695,I/OMAGIC CORP,Iomagic
1696,Adesto Technologies Corp,Adesto
1697,International Precious Minerals Group Inc,Precious Minerals
1698,"Iptimize, Inc.",Iptimize
1699,Inteliquent Inc,Inteliquent
1700,InRob Tech Ltd,Inrob Tech
1701,International Rectifier Corporation,Rectifier Corporation
1702,Iridium World Communications Ltd,Iridium World Communications
1703,Intersil Corp,Intersil
1704,Interspeed Inc,Interspeed
1705,Integrated Silicon Solution Inc,Integrated Silicon
1706,Integrated Data Corp,Integrated Data
1707,IT Group Holdings Inc.,
1708,Integral Technologies Inc,Integral
1709,"INTERLINK-US-NETWORK, LTD.",Interlink-Us-Network
1710,IVI COMMUNICATIONS INC,Ivi Communications
1711,INNOVATIVE MICRO TECHNOLOGY INC,Innovative Micro
1712,iwallet Corp,Iwallet
1713,IX Energy Holdings Inc,Ix Energy
1714,InZon CORP,Inzon
1715,Tower US Holdings Inc.,Tower Us
1716,Viavi Solutions Inc,Viavi
1717,Juma Technology Corp,Juma
1718,JYRA RESEARCH INC,Jyra Research
1719,Katy Industries Inc,Katy Industries
1720,KeyOn Communications Holdings Inc.,Keyon Communications
1721,Kofax Limited,Kofax
1722,KNOLOGY INC,Knology
1723,"WD Media, Inc.",Wd Media
1724,"N I S Holdings, Corp.",N I S
1725,KinerjaPay Corp.,Kinerjapay
1726,KONINKLIJKE KPN N V,Koninklijke Kpn N V
1727,Kendall Square Research Corp,Kendall Square Research
1728,Ku6 Media Co Ltd,Ku6 Media
1729,KongZhong Corp,Kongzhong
1730,"Latitude Solutions, Inc.",Latitude
1731,LAW ENFORCEMENT ASSOCIATES CORP,Law Enforcement Associates
1732,Location Based Technologies Inc,Location Based
1733,Liberty Coal Energy Corp,Liberty Coal Energy
1734,"DEFI GLOBAL, INC",Defi Global
1735,"Teledyne LeCroy, Inc.",Teledyne Lecroy
1736,Leadis Technology Inc,Leadis
1737,LDK Solar Co Ltd,Ldk Solar
1738,Landauer Inc,Landauer
1739,LEAP WIRELESS INTERNATIONAL INC,Leap Wireless
1740,LOGIMETRICS INC,Logimetrics
1741,Lightspace Corp,Lightspace
1742,"LEGACY HOLDING, INC.",Legacy
1743,Interlink Electronics Inc,Interlink Electronics
1744,LITTON INDUSTRIES INC,Litton Industries
1745,Lumentum Holdings Inc,Lumentum
1746,LINK PLUS CORP,Link Plus
1747,Leaplab Corp,Leaplab
1748,Lifeline Biotechnologies Inc,Lifeline Biotechnologies
1749,Loop Industries Inc,Loop Industries
1750,Linear Technology Corp,Linear
1751,LIGHT MANAGEMENT GROUP INC,Light Management
1752,Lumos Networks Corp,Lumos Networks
1753,Live Microsystems Inc,Live Microsystems
1754,"LANBO FINANCIAL GROUP, INC.",Lanbo Financial
1755,LinkedIn Corp,Linkedin
1756,LODGENET INTERACTIVE CORP,Lodgenet Interactive
1757,LOGIC DEVICES Inc,Logic Devices
1758,LoJack Corp,Lojack
1759,Spark Networks SE,Spark Networks
1760,Lighting Science Group Corp,Lighting Science
1761,HYPERERA INC,Hyperera
1762,Living 3D Holdings Inc,Living 3D
1763,LOUD TECHNOLOGIES INC,Loud
1764,Lattice Inc,Lattice
1765,Lithium Corp,Lithium
1766,LUMINART CORP,Luminart
1767,LUCENT TECHNOLOGIES CAPITAL TRUST I,Lucent Capital Trust I
1768,Level 3 Communications Inc,Level 3 Communications
1769,Lexmark International Inc,Lexmark
1770,Lightyear Network Solutions Inc,Lightyear Network
1771,MADGE NETWORKS NV,Madge Networks
1772,Plures Technologies Inc,Plures
1773,"Master Silicon Carbide Industries, Inc.",Master Silicon Carbide Industries
1774,MICHIGAN BELL TELEPHONE CO,Michigan Bell Telephone
1775,MULTIBAND CORP,Multiband
1776,METRICOM INC / DE,Metricom De
1777,Micrel Inc,Micrel
1778,Media 100 Inc,Media 100
1779,MDU COMMUNICATIONS INTERNATIONAL INC,Mdu Communications
1780,Measurement Specialties Inc,Measurement Specialties
1781,Midwest Energy Emissions Corp,Midwest Energy Emissions
1782,MEMSIC Inc,Memsic
1783,"Meru Networks, Inc.",Meru Networks
1784,Microwave Filter Company Inc,Microwave Filter Company
1785,Multi-Fineline Electronix Inc,Multi-Fineline Electronix
1786,MAGICSTEM GROUP CORP.,Magicstem
1787,Meganet Corp,Meganet
1788,MILLICOM INTERNATIONAL CELLULAR SA,Millicom Cellular Sa
1789,Inseego Corp,Inseego
1790,MIPS TECHNOLOGIES INC,Mips
1791,MJP International Ltd,Mjp
1792,Michael James Enterprises Inc,Michael James Enterprises
1793,Monkey Rock Group Inc,Monkey Rock
1794,Mikros Systems Corp,Mikros
1795,Mechanical Technology Inc,Mechanical
1796,MOCON Inc,Mocon
1797,Moko Social Media Ltd,Moko Social Media
1798,MOLEX INC,Molex
1799,Monster Arts Inc,Monster Arts
1800,Moxian Inc,Moxian
1801,Micropac Industries Inc,Micropac Industries
1802,Everspin Technologies Inc,Everspin
1803,IHS Markit Ltd,Ihs Markit
1804,MRV Communications Inc,Mrv Communications
1805,Innovate Biopharmaceuticals Inc,Innovate Biopharmaceuticals
1806,"MSGI TECHNOLOGY SOLUTIONS, INC",Msgi
1807,MON SPACE NET INC.,Mon Space Net
1808,"MINDSPEED TECHNOLOGIES, INC",Mindspeed
1809,Massroots Inc,Massroots
1810,Metalink Ltd,Metalink
1811,MELTRONIX INC,Meltronix
1812,"MIG, INC.",Mig
1813,Mattson Technology Inc,Mattson
1814,MetaStat Inc,Metastat
1815,"Mavenir Systems, Inc.",Mavenir
1816,"Spheric Technologies, Inc.",Spheric
1817,M-Wise Inc,M-Wise
1818,MaxLinear Inc,Maxlinear
1819,Maxray Optical Technology Co. Ltd.,Maxray Optical
1820,MyDx Inc,Mydx
1821,MI 2009 Inc.,Mi 2009
1822,NORTH AMERICAN DATACOM INC,North American Datacom
1823,Rightside Group Ltd,Rightside
1824,Nanometrics Inc,Nanometrics
1825,NATIONAL DATACOMPUTER INC,National Datacomputer
1826,"NX Global, Inc",Nx Global
1827,Northstar Electronics Inc,Northstar Electronics
1828,Neonode Inc,Neonode
1829,National Energy Services Inc,National Energy
1830,Net Element Inc,Net Element
1831,SOLARGEN ENERGY INC,Solargen Energy
1832,INFERX CORP,Inferx
1833,Nimble Storage Inc,Nimble Storage
1834,NeoMagic Corp,Neomagic
1835,Numerex Corp,Numerex
1836,MICRONETICS INC,Micronetics
1837,Northpoint Communications Group Inc,Northpoint Communications
1838,NeoPhotonics Corp,Neophotonics
1839,Narrowstep Inc,Narrowstep
1840,Neustar Inc,Neustar
1841,NetApp Inc,Netapp
1842,NetEase Inc,Netease
1843,Former NT Corp,Former Nt
1844,Nortel Inversora SA,Nortel Inversora Sa
1845,Net Talk.com Inc,Net Talkcom
1846,NTELOS Holdings Corp,Ntelos
1847,Nippon Telegraph and Telephone Corp,Nippon Telegraph And Telephone
1848,Natural Blue Resources Inc,Natural Blue Resources
1849,NUKO INFORMATION SYSTEMS INC /CA/,Nuko Information Ca
1850,New Ulm Telecom Inc,New Ulm Telecom
1851,Nutroganics Inc,Nutroganics
1852,Emo Capital Corp,Emo Capital
1853,"Nuevo Financial Center, Inc.",Nuevo Financial Center
1854,"Novume Solutions, Inc.",Novume
1855,Novint Technologies Inc,Novint
1856,NVIEW CORP,Nview
1857,New World Brands Inc,New World Brands
1858,NewMarket Technology Inc,Newmarket
1859,NW Tech Capital Inc,Nw Tech Capital
1860,NX Uranium Inc,Nx Uranium
1861,NEXAIRA WIRELESS INC.,Nexaira Wireless
1862,NX NETWORKS INC,Nx Networks
1863,Nyxio Technologies Corp,Nyxio
1864,OPTICAL COMMUNICATION PRODUCTS INC,Optical Communication Products
1865,"O'Gara Group, Inc.",O'Gara
1866,Oi SA,Oi Sa
1867,ONELIFE TECHNOLOGIES CORP,Onelife
1868,OMNICITY CORP.,Omnicity
1869,OMNI MULTIMEDIA GROUP INC,Omni Multimedia
1870,Omphalos Corp,Omphalos
1871,"141 Capital, Inc.",141 Capital
1872,OPLINK COMMUNICATIONS INC,Oplink Communications
1873,Opt-Sciences Corp,Opt-Sciences
1874,OPTA CORP,Opta
1875,Optex Systems Holdings Inc,Optex
1876,OPNEXT INC,Opnext
1877,Orbital Sciences Corp,Orbital Sciences
1878,Orbit International Corp,Orbit
1879,Orbit/FR Inc,Orbitfr
1880,Orsus Xelent Technologies Inc,Orsus Xelent
1881,Oryon Technologies Inc,Oryon
1882,O2 Secure Wireless Inc,O2 Secure Wireless
1883,OVERLAND STORAGE INC,Overland Storage
1884,OmniVision Technologies Inc,Omnivision
1885,ONE WORLD ONLINE COM INC,One World Online Com
1886,PACIFICNET INC,Pacificnet
1887,Patient Access Solutions Inc,Patient Access
1888,PRIME COMPANIES INC,Prime Companies
1889,PRINCETON MEDIA GROUP INC,Princeton Media
1890,AIRGATE PCS INC,Airgate Pcs
1891,"PUREDEPTH, INC.",Puredepth
1892,PFO Global Inc,Pfo Global
1893,PERFECTENERGY INTERNATIONAL LTD,Perfectenergy
1894,Prime Global Capital Group Inc,Prime Global Capital
1895,POGO PRODUCTS LTD,Pogo Products
1896,CGM US Inc,Cgm Us
1897,Polycom Inc,Polycom
1898,Platforms Wireless International Corp,Platforms Wireless
1899,Planar Systems Inc,Planar
1900,Plasmatech Inc,Plasmatech
1901,PMC-Sierra Inc,Pmc-Sierra
1902,"Pure Play Music, Ltd.",Pure Play Music
1903,Peopleline Telecom Inc.,Peopleline Telecom
1904,PPT VISION INC,Ppt Vision
1905,Printron Inc,Printron
1906,PROTERION CORP,Proterion
1907,FPC I Corp,Fpc I
1908,"WAVETRUE, INC.",Wavetrue
1909,Proxim Wireless Corp,Proxim Wireless
1910,Pericom Semiconductor Corp.,Pericom Semiconductor
1911,"Princeton Security Technologies, Inc.",Princeton Security
1912,Profile Solutions Inc,Profile
1913,PEREGRINE SEMICONDUCTOR CORP,Peregrine Semiconductor
1914,Passur Aerospace Inc,Passur Aerospace
1915,Powerstorm Holdings Inc,Powerstorm
1916,PRISM SOFTWARE CORP,Prism Software
1917,Pegasus Tel Inc,Pegasus Tel
1918,PERFORMANCE TECHNOLOGIES INC \DE\,Performance \De\
1919,"Poverty Dignified, Inc.",Poverty Dignified
1920,Pervasip Corp,Pervasip
1921,POWERWAVE TECHNOLOGIES INC,Powerwave
1922,POWER ONE INC,Power One
1923,TelCo Cuba Inc,Telco Cuba
1924,QUADLOGIC CONTROLS CORP,Quadlogic Controls
1925,QLogic Corp,Qlogic
1926,QUAD SYSTEMS CORP /DE/,Quad De
1927,QUIPP INC,Quipp
1928,Qunar Cayman Islands Ltd,Qunar Cayman Islands
1929,"Quarta-Rad, Inc.",Quarta-Rad
1930,RadioIO Inc,Radioio
1931,Renaissance Acquisition Corp.,Renaissance Acquisition
1932,Bankrate Inc,Bankrate
1933,Rackspace Hosting Inc,Rackspace Hosting
1934,Renewable Energy and Power Inc,Renewable Energy And Power
1935,RURAL CELLULAR CORP,Rural Cellular
1936,Reelcause Inc,Reelcause
1937,RAMP CORP,Ramp
1938,RF Micro Devices Inc.,Rf Micro Devices
1939,RF MONOLITHICS INC /DE/,Rf Monolithics De
1940,RFP EXPRESS INC,Rfp Express
1941,R.T (LESHE`AVAR RIT TEHNOLOGIYOT) BE`AM,Rt Leshe`Avar Rit Tehnologiyot) Be`Am
1942,REMOTE KNOWLEDGE INC,Remote Knowledge
1943,Ruckus Wireless Inc,Ruckus Wireless
1944,Reliability Inc,Reliability
1945,RealD Inc,Reald
1946,Remote Dynamics Inc,Remote Dynamics
1947,RAMTRON INTERNATIONAL CORP,Ramtron
1948,RR Media Ltd,Rr Media
1949,R-Three Technologies Inc,R-Three
1950,George Risk Industries Inc,George Risk Industries
1951,RSL COMMUNICATIONS LTD,Rsl Communications
1952,REDtone Asia Inc,Redtone Asia
1953,R-TEC HOLDING INC,R-Tec
1954,RHYTHMS NET CONNECTIONS INC,Rhythms Net Connections
1955,Riverbed Technology Inc,Riverbed
1956,RAM VENTURE HOLDINGS CORP,Ram Venture
1957,Sajan Inc,Sajan
1958,SATCON TECHNOLOGY CORP,Satcon
1959,SavWatt USA Inc,Savwatt Usa
1960,Socket Mobile Inc,Socket Mobile
1961,STEELCLOUD INC,Steelcloud
1962,"Smart Comm International, Ltd.",Smart Comm
1963,SYCAMORE NETWORKS INC,Sycamore Networks
1964,SCANNER TECHNOLOGIES CORP,Scanner
1965,Secured Digital Storage CORP,Secured Digital Storage
1966,Suspect Detection Systems Inc,Suspect Detection
1967,Solaredge Technologies Inc,Solaredge
1968,Sunedison Semiconductor Ltd,Sunedison Semiconductor
1969,Senseonics Holdings Inc,Senseonics
1970,SES Solar Inc,Ses Solar
1971,Sevcon Inc,Sevcon
1972,SAFE TECHNOLOGIES INTERNATIONAL INC,Safe
1973,Sector 5 Inc,Sector 5
1974,Smart Global Holdings Inc,Smart Global
1975,Silicon Graphics International Corp,Silicon Graphics
1976,SurgLine International Inc,Surgline
1977,Freevi Corp,Freevi
1978,SigmaBroadband Co,Sigmabroadband
1979,"Shiming U.S., Inc.",Shiming Us
1980,Shoretel Inc,Shoretel
1981,Signal Advance Inc,Signal Advance
1982,Simclar Inc,Simclar
1983,SILICON IMAGE INC,Silicon Image
1984,SIPP International Industries Inc,Sipp Industries
1985,SIPEX CORP,Sipex
1986,SK Telecom Co Ltd,Sk Telecom
1987,Sentry Technology Corp,Sentry
1988,SKY Digital Stores Corp,Sky Digital Stores
1989,"Silicon Mountain Holdings, Inc.",Silicon Mountain
1990,Solera Holdings Inc,Solera
1991,SL Industries Inc,Industries
1992,SOLECTRON CORP,Solectron
1993,Sunworks Inc,Sunworks
1994,SMARTDISK CORP,Smartdisk
1995,Smart Energy Solutions Inc,Smart Energy
1996,SMART Technologies Inc,Smart
1997,SMTC Corp,Smtc
1998,Snap Inc,Snap
1999,SanDisk Corp,Sandisk
2000,Solar Energy Initiatives Inc,Solar Energy Initiatives
2001,Sanwire Corp,Sanwire
2002,Solitron Devices Inc,Solitron Devices
2003,Solar EnerTech Corp,Solar Enertech
2004,SoftNet Technology Corp.,Softnet
2005,Sohu.Com Inc,Sohucom
2006,Ribbon Communications Inc,Ribbon Communications
2007,Storage Computer Corp,Storage Computer
2008,Sparton Corp,Sparton
2009,Spi Energy Co Ltd,Spi Energy
2010,Spire Corp,Spire
2011,SpectrumDNA Inc,Spectrumdna
2012,SQL Technologies Corp.,Sql
2013,Sequenom Inc,Sequenom
2014,Sierra Monitor Corp,Sierra Monitor
2015,Sunrise Telecom Inc,Sunrise Telecom
2016,Sonasoft Corp,Sonasoft
2017,SYSTEMS TECHNOLOGY ASSOCIATES INC,Associates
2018,"STEC, INC.",Stec
2019,Columbia Seligman Premium Technology Growth Fund,Columbia Seligman Premium Growth Fund
2020,SMARTALK TELESERVICES INC,Smartalk Teleservices
2021,STARTRONIX INTERNATIONAL INC,Startronix
2022,Strasbaugh,Strasbaugh
2023,Sutron Corp,Sutron
2024,SunEdison Inc,Sunedison
2025,SUPERTEX INC,Supertex
2026,Surepure Inc,Surepure
2027,SUREWEST COMMUNICATIONS,Surewest Communications
2028,Sunvesta Inc,Sunvesta
2029,SiVault Systems Inc,Sivault
2030,"Sur Ventures, Inc.",Sur Ventures
2031,Skyworks Solutions Inc,Skyworks
2032,SYMMETRICOM INC,Symmetricom
2033,Sycamore Ventures Inc,Sycamore Ventures
2034,Tarsier Ltd,Tarsier
2035,TransAKT Ltd,Transakt
2036,iTalk Inc,Italk
2037,Techlabs Inc,Techlabs
2038,TCP International Holdings Ltd,Tcp
2039,Gulf & Western Company Inc,Gulf Western Company
2040,TelVue Corp,Telvue
2041,Trans Global Group Inc,Trans Global
2042,TechLite Inc,Techlite
2043,"THINKENGINE NETWORKS, INC.",Thinkengine Networks
2044,Thinkpath Inc,Thinkpath
2045,TELLABS INC,Tellabs
2046,Teleconnect Inc,Teleconnect
2047,Tocca Life Holdings Inc,Tocca Life
2048,Teletouch Communications Inc,Teletouch Communications
2049,"TeleHealthCare, Inc.",Telehealthcare
2050,Telemar Participacoes S.A.,Telemar Participacoes Sa
2051,telent plc,Telent Plc
2052,"Teleplus World, Corp.",Teleplus World
2053,Teliphone Corp,Teliphone
2054,TELLURIAN INC /NJ/,Tellurian Nj
2055,TELEMETRIX INC,Telemetrix
2056,ISECURETRAC CORP,Isecuretrac
2057,TMT CAPITAL CORP,Tmt Capital
2058,Trimax Corp,Trimax
2059,NETWORK CONNECTION INC,Network Connection
2060,"Trinsic, Inc.",Trinsic
2061,True Nature Holding Inc,True Nature
2062,"2-Track Global, Inc.",2-Track Global
2063,"TriQuint Semiconductor, Inc.",Triquint Semiconductor
2064,Turbo Global Partners Inc,Turbo Global Partners
2065,Track Group Inc,Track
2066,TRICOM SA,Tricom Sa
2067,TRIDENT MICROSYSTEMS INC,Trident Microsystems
2068,Orbital Tracking Corp,Orbital Tracking
2069,Truli Media Group Inc,Truli Media
2070,Trina Solar Ltd,Trina Solar
2071,Xperi Corp,Xperi
2072,TERRESTAR CORP,Terrestar
2073,"Titan Global Holdings, Inc.",Titan Global
2074,Torotel Inc,Torotel
2075,Towerstream Corp,Towerstream
2076,TranSwitch Corp,Transwitch
2077,UAGH INC,Uagh
2078,"NEW YORK TELECOM EXCHANGE, INC.",New York Telecom Exchange
2079,Uni Core Holdings Corp,Uni Core
2080,US Nuclear Corp,Us Nuclear
2081,ULTITEK LTD,Ultitek
2082,Universal Detection Technology,Universal Detection
2083,UNIDYN CORP,Unidyn
2084,Universal Infotainment Systems Corp,Universal Infotainment
2085,Unilava Corp,Unilava
2086,Unified Signal Inc,Unified Signal
2087,"Universal Solar Technology, Inc.",Universal Solar
2088,United Online Inc,United Online
2089,"UniTek Global Services, Inc.",Unitek Global
2090,Uni-Pixel Inc,Uni-Pixel
2091,UnifiedOnline Inc,Unifiedonline
2092,U S WIRELESS CORP,U S Wireless
2093,Ultratech Inc,Ultratech
2094,UNITY WIRELESS CORP,Unity Wireless
2095,UniverCell Holdings Inc,Univercell
2096,US Wireless Online Inc,Us Wireless Online
2097,Viewcast.Com Inc,Viewcastcom
2098,Videolocity International Inc,Videolocity
2099,VDO-Ph International Inc,Vdo-Ph
2100,VECTr SYSTEMS INC,Vectr
2101,VelaTel Global Communications Inc,Velatel Global Communications
2102,FunctionX Inc,Functionx
2103,Viasystems Group Inc,Viasystems
2104,Video Display Corp,Video Display
2105,Viewtran Group Inc,Viewtran
2106,Vimicro International Corp,Vimicro
2107,VEON Ltd,Veon
2108,VOLTERRA SEMICONDUCTOR CORP,Volterra Semiconductor
2109,"VALLEY FORGE COMPOSITE TECHNOLOGIES, INC.",Valley Forge Composite
2110,VIRGIN MEDIA INC.,Virgin Media
2111,Violin Memory Inc,Violin Memory
2112,VISUAL MANAGEMENT SYSTEMS INC,Visual Management
2113,VOICE MOBILITY INTERNATIONAL INC,Voice Mobility
2114,Nano Mobile Healthcare Inc,Nano Mobile Healthcare
2115,VIA NET WORKS INC,Via Net Works
2116,Voip-Pal.Com Inc,Voip-Palcom
2117,Veritec Inc,Veritec
2118,VoiceServe Inc,Voiceserve
2119,VERSUS TECHNOLOGY INC,Versus
2120,Visualant Inc,Visualant
2121,Viscount Systems Inc,Viscount
2122,vitaminspice,Vitaminspice
2123,Vitesse Semiconductor Corp.,Vitesse Semiconductor
2124,Vu1 Corp,Vu1
2125,"Wave2Wave Communications, Inc.",Wave2Wave Communications
2126,Wave Systems Corp.,Wave
2127,WORLD ACCESS INC /NEW/,World Access New
2128,MCI INC,Mci
2129,"WEIDA COMMUNICATIONS, INC.",Weida Communications
2130,Wanderport Corp,Wanderport
2131,WIRELESS DATA SOLUTIONS INC,Wireless Data
2132,WINTECH DIGITAL SYSTEM TECHNOLOGY CORP,Wintech Digital System
2133,Winland Electronics Inc,Winland Electronics
2134,Andalay Solar Inc,Andalay Solar
2135,WIFI Wireless Inc,Wifi Wireless
2136,AG&E Holdings Inc,Age
2137,Wegener Corp,Wegener
2138,Wonhe High-Tech International Inc,Wonhe High-Tech
2139,Wearable Health Solutions Inc,Wearable Health
2140,"WIFIMED HOLDINGS COMPANY, INC.",Wifimed Company
2141,WI-FI TV INC,Wi-Fi
2142,WITel Corp.,Witel
2143,World Am Inc,World Am
2144,Metro One Telecommunications Inc,Metro One Telecommunications
2145,Dropcar Inc,Dropcar
2146,World Surveillance Group Inc.,World Surveillance
2147,West Corp,West
2148,Wi-Tron Inc,Wi-Tron
2149,58.com Inc,58Com
2150,WORLD WIRELESS COMMUNICATIONS INC,World Wireless Communications
2151,Worldwide Strategies Inc,Worldwide Strategies
2152,Xtera Communications Inc,Xtera Communications
2153,Exelis Inc,Exelis
2154,XM SATELLITE RADIO HOLDINGS INC,Xm Satellite Radio
2155,"XNE, Inc.",Xne
2156,Xenonics Holdings Inc,Xenonics
2157,XRS Corp,Xrs
2158,XYRATEX LTD,Xyratex
2159,XETEL CORP,Xetel
2160,Extreme Biodiesel Inc,Extreme Biodiesel
2161,Ixia,Ixia
2162,Altaba Inc,Altaba
2163,Youku Tudou Inc,Youku Tudou
2164,"YA ZHU SILK, INC.",Ya Zhu Silk
2165,ZYGO CORP,Zygo
2166,Zim Corp,Zim
2167,"ZipGlobal Holdings, Inc.",Zipglobal
2168,Zoom Telephonics Inc,Zoom Telephonics
2169,Zoom Technologies Inc,Zoom
2170,Zst Digital Networks Inc,Zst Digital Networks
2171,GoldKey Corp,Goldkey
2172,BRITISH TELECOMMUNICATIONS PLC,British Telecommunications Plc
2173,SONY CORP,Sony
2174,APPLE INC,Apple
2175,ABB LTD,Abb
2176,ACCELRYS INC,Accelrys
2177,ALSTOM,Alstom
2178,ALCATEL LUCENT,Alcatel Lucent
2179,ALCATEL LUCENT USA INC,Alcatel Lucent Usa
2180,AutoNavi Holdings Ltd,Autonavi
2181,AMETEK INC,Ametek
2182,Apptio Inc,Apptio
2183,AQUANTIA CORP,Aquantia
2184,ARRIS GROUP INC,Arris
2185,ARROW ELECTRONICS INC,Arrow Electronics
2186,AEROFLEX HOLDING CORP,Aeroflex
2187,AVNET INC,Avnet
2188,AVAYA INC,Avaya
2189,ANIXTER INTERNATIONAL INC,Anixter
2190,Bandwidth Inc,Bandwidth
2191,BRIGGS & STRATTON POWER PRODUCTS GROUP LLC,Briggs Stratton Power Products
2192,Ballard Power Systems Inc,Ballard Power
2193,CAE INC,Cae
2194,CarGurus Inc,Cargurus
2195,Hawaiian Telcom Communications Inc,Hawaiian Telcom Communications
2196,Hawaiian Telcom Inc,Hawaiian Telcom
2197,CommScope Holding Co Inc,Commscope
2198,CONVERGYS CORP,Convergys
2199,DOCUSIGN INC,Docusign
2200,DEUTSCHE TELEKOM AG,Deutsche Telekom
2201,DEUTSCHE TELEKOM INTERNATIONAL FINANCE BV,Deutsche Telekom Finance
2202,ECOTALITY INC,Ecotality
2203,EMERSON ELECTRIC CO,Emerson Electric
2204,EnerSys,Enersys
2205,EVANS & SUTHERLAND COMPUTER CORP,Evans Sutherland Computer
2206,FIRST AMERICAN CORP,First American
2207,FUELCELL ENERGY INC,Fuelcell Energy
2208,FRANKLIN ELECTRIC CO INC,Franklin Electric
2209,FISERV INC,Fiserv
2210,FORMULA SYSTEMS (1985) LTD,Formula 1985)
2211,GENERAL ELECTRIC CO,General Electric
2212,GIGAMEDIA Ltd,Gigamedia
2213,GameStop Corp,Gamestop
2214,GLOBE TELECOM INC,Globe Telecom
2215,GEMALTO N.V.,Gemalto
2216,Primus Telecommunications Inc,Primus Telecommunications
2217,HRG GROUP INC,Hrg
2218,Houston Wire & Cable CO,Houston Wire Cable
2219,INFINEON TECHNOLOGIES AG,Infineon
2220,InterXion Holding N.V.,Interxion
2221,KOSS CORP,Koss
2222,Leidos Inc,Leidos
2223,Longfin Corp,Longfin
2224,LITTELFUSE INC,Littelfuse
2225,NQ Mobile Inc,Nq Mobile
2226,MAGNETEK INC,Magnetek
2227,Maxar Technologies Ltd,Maxar
2228,MICRO FOCUS INTERNATIONAL PLC,Micro Focus Plc
2229,MongoDB Inc,Mongodb
2230,SKY MOBI Ltd,Sky Mobi
2231,EMERSON RADIO CORP,Emerson Radio
2232,ATARI INC,Atari
2233,SUN MICROSYSTEMS INC,Sun Microsystems
2234,NEC CORP,Nec
2235,NOKIA CORP,Nokia
2236,NIPPON TELEGRAPH & TELEPHONE CORP,Nippon Telegraph Telephone
2237,NORTEL NETWORKS CORP,Nortel Networks
2238,NAPCO SECURITY TECHNOLOGIES INC,Napco Security
2239,NUANCE COMMUNICATIONS,Nuance Communications
2240,NXP Semiconductors N.V.,Nxp Semiconductors
2241,Spark New Zealand Ltd,Spark New Zealand
2242,Opera Ltd,Opera
2243,OSI SYSTEMS INC,Osi
2244,PagSeguro Digital Ltd,Pagseguro Digital
2245,PITNEY BOWES INC,Pitney Bowes
2246,PANASONIC Corp,Panasonic
2247,KONINKLIJKE PHILIPS NV,Koninklijke Philips
2248,PMC SIERRA INC,Pmc Sierra
2249,POWELL INDUSTRIES INC,Powell Industries
2250,Pivotal Software Inc,Pivotal Software
2251,REGAL BELOIT CORP,Regal Beloit
2252,RIT TECHNOLOGIES LTD,Rit
2253,SWISSCOM AG,Swisscom
2254,SUNDAY COMMUNICATIONS LTD,Sunday Communications
2255,CHINA UNICOM (HONG KONG) Ltd,China Unicom Hong Kong)
2256,SendGrid Inc,Sendgrid
2257,SCIENTIFIC GAMES CORP,Scientific Games
2258,Sonos Inc,Sonos
2259,Spectrum Brands Holdings Inc,Spectrum Brands
2260,Spectrum Brands Inc,Spectrum Brands
2261,SAPIENS INTERNATIONAL CORP N V,Sapiens N V
2262,SPIRENT COMMUNICATIONS PLC,Spirent Communications Plc
2263,Shutterstock Inc,Shutterstock
2264,Suntech Power Holdings Co Ltd,Suntech Power
2265,SEAGATE TECHNOLOGY HDD HOLDINGS,Seagate Hdd
2266,Switch Inc,Switch
2267,AT&T LATIN AMERICA CORP,Att Latin America
2268,TATA COMMUNICATIONS LTD,Tata Communications
2269,TELEPHONE & DATA SYSTEMS INC,Telephone Data
2270,Telefonica Chile SA,Telefonica Chile Sa
2271,TELEFONICA S A,Telefonica S A
2272,TELENOR ASA,Telenor Asa
2273,TELIASONERA AB,Teliasonera
2274,THQ INC,Thq
2275,TELEKOM AUSTRIA AG,Telekom Austria
2276,TELKOM SA LTD,Telkom Sa
2277,TELSTRA CORP LTD,Telstra
2278,TELE2 AB,Tele2
2279,T Mobile US Inc,T Mobile Us
2280,T MOBILE USA,T Mobile Usa
2281,T Mobile USA Inc,T Mobile Usa
2282,Trilogy International Partners Inc,Trilogy Partners
2283,TERRA NETWORKS SA,Terra Networks Sa
2284,trivago N.V.,Trivago
2285,Stars Group Inc,Stars
2286,TAKE TWO INTERACTIVE SOFTWARE INC,Take Two Interactive Software
2287,ULTRALIFE CORP,Ultralife
2288,VIVENDI,Vivendi
2289,VODAFONE GROUP PUBLIC LTD CO,Vodafone Public
2290,Vertical Communications Inc,Vertical Communications
2291,Verigy Ltd,Verigy
2292,Verisk Analytics Inc,Verisk Analytics
2293,VITESSE SEMICONDUCTOR CORP,Vitesse Semiconductor
2294,VERIZON MARYLAND INC,Verizon Maryland
2295,WESCO INTERNATIONAL INC,Wesco
2296,WESTERN DIGITAL TECHNOLOGIES INC,Western Digital
2297,Alltel Holding Corp,Alltel
2298,Woodward Inc,Woodward
2299,Yandex N.V.,Yandex
2300,ZORAN CORP,Zoran
2301,Zscaler Inc,Zscaler
2302,AKAMAI TECHNOLOGIES,Akamai
2303,ALLEN SYSTEMS GROUP INC,Allen
2304,AMAZON,Amazon
2305,AVNET TECHNOLOGY SOLUTIONS,Avnet
2306,AMERICAN EXPRESS,American Express
2307,BLACK BOX NETWORK SOLUTIONS,Black Box Network
2308,BLACKLINE SYSTEMS INC,Blackline
2309,CARBONITE,Carbonite
2310,CDW,Cdw
2311,CERNER CORPORATION,Cerner Corporation
2312,COMPUGEN INC,Compugen
2313,CONCUR,Concur
2314,SALESFORCE.COM,Salesforcecom
2315,CISCO,Cisco
2316,COGNIZANT,Cognizant
2317,CITRIX,Citrix
2318,DELL,Dell
2319,DATAWATCH,Datawatch
2320,EATON CORPORATION,Eaton Corporation
2321,FISERV,Fiserv
2322,GODADDY.COM,Godaddycom
2323,HEWLETT PACKARD,Hewlett Packard
2324,IBM,Ibm
2325,IHS GLOBAL CANADA LTD,Ihs Global Canada
2326,INTERNAP,Internap
2327,INTUIT,Intuit
2328,J2 GLOBAL COMMUNICATIONS,J2 Global Communications
2329,MLAB,Mlab
2330,MICROSTRATEGY SERVICE CORP,Microstrategy Service
2331,ORACLE AMERICA INC,Oracle America
2332,VERIFONE INC,Verifone
2333,QLIK TECH INC,Qlik Tech
2334,RACKSPACE,Rackspace
2335,RAPID7,Rapid7
2336,SECUREWORKS,Secureworks
2337,SONY SERVICE,Sony Service
2338,SOLARWINDS,Solarwinds
2339,SYMANTEC CORPORATION,Symantec Corporation
2340,ATLASSIAN SOFTWARE,Atlassian Software
2341,DEALERTRACK INC,Dealertrack
2342,MONOTYPE IMAGING INC,Monotype Imaging
2343,UPLAND SOFTWARE,Upland Software
2344,VOCUS INC,Vocus
2345,WEB.COM,Webcom
2346,FLITE INC,Flite
